,origin_airport_id,op_unique_carrier,Delayed,ratio,Ratio_Percentage
16,10140,AS,0,38,87.8
0,10135,9E,0,67,85.61
8,10135,OH,0,114,85.57
28,10140,MQ,1,8,85.14
32,10140,UA,1,20,84.93
26,10140,G4,1,2,83.16
20,10140,DL,0,90,82.13
10,10135,OO,0,119,81.75
2,10135,DL,0,35,81.23
24,10140,F9,0,2,81.08
12,10136,MQ,0,196,80.78
6,10135,MQ,0,37,80.61
30,10140,OO,1,61,79.43
18,10140,B6,0,29,77.79
14,10140,AA,0,330,76.41
22,10140,EV,0,79,74.58
4,10135,G4,0,93,73.84
5,10135,G4,1,40,26.16
23,10140,EV,1,9,25.42
15,10140,AA,1,62,23.59
19,10140,B6,1,5,22.21
31,10140,UA,0,98,20.57
7,10135,MQ,1,13,19.39
13,10136,MQ,1,78,19.22
25,10140,G4,0,8,18.92
3,10135,DL,1,5,18.77
11,10135,OO,1,26,18.25
21,10140,DL,1,9,17.87
27,10140,MQ,0,48,16.84
33,10140,WN,0,1306,15.07
29,10140,OO,0,423,14.86
9,10135,OH,1,33,14.43
1,10135,9E,1,18,14.39
17,10140,AS,1,7,12.2
34,10140,WN,1,163,
35,10140,YV,0,216,
36,10140,YV,1,29,
37,10140,YX,0,20,
38,10141,OO,0,76,
39,10141,OO,1,24,
40,10146,OO,0,133,
41,10146,OO,1,6,
42,10155,MQ,0,133,
43,10155,MQ,1,44,
44,10155,OO,0,25,
45,10155,OO,1,7,
46,10157,OO,0,255,
47,10157,OO,1,56,
48,10158,NK,0,425,
49,10158,NK,1,57,
50,10165,AS,1,8,
51,10165,AS,0,7,
52,10170,AS,0,57,
53,10170,AS,1,28,
54,10185,9E,0,150,
55,10185,9E,1,33,
56,10185,EV,0,82,
57,10185,EV,1,14,
58,10185,MQ,0,117,
59,10185,MQ,1,28,
60,10208,9E,0,231,
61,10208,9E,1,57,
62,10208,DL,0,76,
63,10208,DL,1,8,
64,10208,MQ,0,37,
65,10208,MQ,1,15,
66,10208,OH,0,120,
67,10208,OH,1,60,
68,10257,AA,0,110,
69,10257,AA,1,29,
70,10257,B6,0,87,
71,10257,B6,1,17,
72,10257,DL,0,171,
73,10257,DL,1,10,
74,10257,EV,0,20,
75,10257,EV,1,17,
76,10257,F9,0,37,
77,10257,F9,1,15,
78,10257,G4,0,31,
79,10257,G4,1,18,
80,10257,MQ,0,61,
81,10257,MQ,1,10,
82,10257,OH,0,71,
83,10257,OH,1,26,
84,10257,OO,0,167,
85,10257,OO,1,40,
86,10257,UA,0,44,
87,10257,UA,1,13,
88,10257,WN,0,441,
89,10257,WN,1,64,
90,10257,YV,0,2,
91,10257,YV,1,1,
92,10268,MQ,0,75,
93,10268,MQ,1,22,
94,10279,AA,0,34,
95,10279,AA,1,4,
96,10279,EV,0,85,
97,10279,EV,1,10,
98,10279,MQ,0,42,
99,10279,MQ,1,8,
100,10279,OO,0,2,
101,10279,WN,0,220,
102,10279,WN,1,20,
103,10279,YV,0,175,
104,10279,YV,1,54,
105,10299,AS,0,1611,
106,10299,AS,1,360,
107,10299,DL,0,141,
108,10299,DL,1,27,
109,10299,UA,0,62,
110,10299,UA,1,10,
111,10333,OO,0,64,
112,10333,OO,1,22,
113,10372,OO,0,862,
114,10372,OO,1,497,
115,10397,9E,0,5451,
116,10397,9E,1,830,
117,10397,AA,0,1220,
118,10397,AA,1,272,
119,10397,AS,0,41,
120,10397,AS,1,21,
121,10397,B6,0,424,
122,10397,B6,1,67,
123,10397,DL,0,28282,
124,10397,DL,1,3983,
125,10397,EV,0,166,
126,10397,EV,1,21,
127,10397,F9,0,501,
128,10397,F9,1,135,
129,10397,MQ,0,18,
130,10397,MQ,1,2,
131,10397,NK,0,1001,
132,10397,NK,1,273,
133,10397,OH,0,171,
134,10397,OH,1,31,
135,10397,OO,0,2691,
136,10397,OO,1,701,
137,10397,UA,0,502,
138,10397,UA,1,96,
139,10397,WN,0,4335,
140,10397,WN,1,909,
141,10397,YV,0,200,
142,10397,YV,1,43,
143,10397,YX,0,781,
144,10397,YX,1,137,
145,10408,9E,0,82,
146,10408,9E,1,12,
147,10408,DL,0,39,
148,10408,DL,1,13,
149,10408,G4,0,53,
150,10408,G4,1,19,
151,10408,MQ,0,94,
152,10408,MQ,1,36,
153,10408,OO,0,162,
154,10408,OO,1,47,
155,10409,OO,0,79,
156,10409,OO,1,12,
157,10423,9E,0,55,
158,10423,9E,1,7,
159,10423,AA,0,1278,
160,10423,AA,1,242,
161,10423,AS,0,294,
162,10423,AS,1,55,
163,10423,B6,0,280,
164,10423,B6,1,63,
165,10423,DL,0,971,
166,10423,DL,1,112,
167,10423,EV,0,2,
168,10423,F9,0,195,
169,10423,F9,1,52,
170,10423,G4,1,27,
171,10423,G4,0,14,
172,10423,MQ,1,4,
173,10423,MQ,0,1,
174,10423,NK,0,441,
175,10423,NK,1,75,
176,10423,OO,0,102,
177,10423,OO,1,4,
178,10423,UA,0,844,
179,10423,UA,1,158,
180,10423,WN,0,2861,
181,10423,WN,1,380,
182,10423,YV,0,186,
183,10423,YV,1,36,
184,10423,YX,0,126,
185,10423,YX,1,20,
186,10431,9E,0,231,
187,10431,9E,1,49,
188,10431,DL,0,32,
189,10431,DL,1,8,
190,10431,EV,0,8,
191,10431,EV,1,2,
192,10431,G4,0,266,
193,10431,G4,1,72,
194,10431,MQ,0,46,
195,10431,MQ,1,29,
196,10431,NK,0,32,
197,10431,NK,1,7,
198,10431,OH,0,202,
199,10431,OH,1,64,
200,10431,OO,0,78,
201,10431,OO,1,29,
202,10431,YV,0,53,
203,10431,YV,1,12,
204,10431,YX,0,46,
205,10431,YX,1,6,
206,10434,DL,0,41,
207,10434,DL,1,4,
208,10434,EV,0,1,
209,10434,MQ,0,72,
210,10434,MQ,1,17,
211,10434,OH,0,132,
212,10434,OH,1,65,
213,10434,OO,0,106,
214,10434,OO,1,26,
215,10466,G4,0,590,
216,10466,G4,1,227,
217,10469,9E,0,19,
218,10469,9E,1,2,
219,10469,EV,0,2,
220,10469,MQ,0,103,
221,10469,MQ,1,23,
222,10469,OO,0,196,
223,10469,OO,1,52,
224,10529,9E,0,241,
225,10529,9E,1,20,
226,10529,AA,0,476,
227,10529,AA,1,73,
228,10529,B6,0,424,
229,10529,B6,1,107,
230,10529,DL,0,411,
231,10529,DL,1,49,
232,10529,EV,0,2,
233,10529,F9,0,43,
234,10529,F9,1,4,
235,10529,MQ,0,30,
236,10529,MQ,1,3,
237,10529,NK,0,225,
238,10529,NK,1,46,
239,10529,OH,0,124,
240,10529,OH,1,50,
241,10529,OO,0,117,
242,10529,OO,1,23,
243,10529,UA,0,171,
244,10529,UA,1,8,
245,10529,WN,0,655,
246,10529,WN,1,130,
247,10529,YV,0,188,
248,10529,YV,1,18,
249,10529,YX,0,131,
250,10529,YX,1,17,
251,10551,AS,0,87,
252,10551,AS,1,26,
253,10558,OO,0,71,
254,10558,OO,1,16,
255,10561,OO,0,133,
256,10561,OO,1,21,
257,10561,YV,0,193,
258,10561,YV,1,55,
259,10562,F9,0,18,
260,10562,F9,1,3,
261,10577,OO,0,85,
262,10577,OO,1,17,
263,10581,9E,0,98,
264,10581,9E,1,31,
265,10581,EV,0,2,
266,10581,EV,1,2,
267,10581,G4,0,29,
268,10581,G4,1,10,
269,10581,OH,0,61,
270,10581,OH,1,30,
271,10599,9E,0,24,
272,10599,9E,1,10,
273,10599,AA,0,59,
274,10599,AA,1,13,
275,10599,DL,0,375,
276,10599,DL,1,61,
277,10599,EV,0,48,
278,10599,EV,1,15,
279,10599,MQ,0,152,
280,10599,MQ,1,41,
281,10599,OH,0,458,
282,10599,OH,1,114,
283,10599,OO,0,294,
284,10599,OO,1,95,
285,10599,WN,0,497,
286,10599,WN,1,50,
287,10599,YV,0,134,
288,10599,YV,1,41,
289,10599,YX,0,52,
290,10599,YX,1,8,
291,10620,DL,0,92,
292,10620,DL,1,8,
293,10620,F9,0,12,
294,10620,G4,0,34,
295,10620,G4,1,9,
296,10620,MQ,0,39,
297,10620,MQ,1,13,
298,10620,OO,0,217,
299,10620,OO,1,33,
300,10620,UA,0,58,
301,10620,UA,1,2,
302,10620,YX,0,2,
303,10627,DL,0,38,
304,10627,DL,1,14,
305,10627,G4,0,56,
306,10627,G4,1,12,
307,10627,OO,0,296,
308,10627,OO,1,65,
309,10627,YV,0,61,
310,10627,YV,1,25,
311,10631,OO,0,83,
312,10631,OO,1,19,
313,10666,G4,0,138,
314,10666,G4,1,30,
315,10676,G4,0,80,
316,10676,G4,1,31,
317,10685,9E,0,120,
318,10685,9E,1,20,
319,10685,F9,0,17,
320,10685,G4,0,24,
321,10685,G4,1,8,
322,10685,MQ,0,112,
323,10685,MQ,1,33,
324,10685,YV,0,75,
325,10685,YV,1,22,
326,10693,9E,0,294,
327,10693,9E,1,65,
328,10693,AA,0,844,
329,10693,AA,1,148,
330,10693,AS,0,47,
331,10693,AS,1,17,
332,10693,B6,0,103,
333,10693,B6,1,25,
334,10693,DL,0,901,
335,10693,DL,1,114,
336,10693,EV,0,185,
337,10693,EV,1,64,
338,10693,F9,0,97,
339,10693,F9,1,27,
340,10693,G4,0,38,
341,10693,G4,1,31,
342,10693,MQ,0,207,
343,10693,MQ,1,49,
344,10693,NK,0,260,
345,10693,NK,1,50,
346,10693,OH,0,168,
347,10693,OH,1,58,
348,10693,OO,0,566,
349,10693,OO,1,113,
350,10693,UA,0,215,
351,10693,UA,1,60,
352,10693,WN,0,4753,
353,10693,WN,1,714,
354,10693,YV,0,133,
355,10693,YV,1,39,
356,10693,YX,0,505,
357,10693,YX,1,70,
358,10713,AA,0,90,
359,10713,AA,1,34,
360,10713,AS,0,69,
361,10713,AS,1,35,
362,10713,DL,0,120,
363,10713,DL,1,12,
364,10713,G4,0,29,
365,10713,G4,1,16,
366,10713,MQ,0,94,
367,10713,MQ,1,17,
368,10713,OO,0,1277,
369,10713,OO,1,259,
370,10713,UA,0,94,
371,10713,UA,1,10,
372,10713,WN,0,559,
373,10713,WN,1,47,
374,10713,YV,0,5,
375,10721,9E,0,431,
376,10721,9E,1,60,
377,10721,AA,0,2795,
378,10721,AA,1,409,
379,10721,AS,0,241,
380,10721,AS,1,93,
381,10721,B6,0,6085,
382,10721,B6,1,1395,
383,10721,DL,0,2071,
384,10721,DL,1,336,
385,10721,F9,0,77,
386,10721,F9,1,17,
387,10721,HA,0,28,
388,10721,HA,1,8,
389,10721,NK,0,472,
390,10721,NK,1,158,
391,10721,OO,0,17,
392,10721,OO,1,15,
393,10721,UA,0,1388,
394,10721,UA,1,214,
395,10721,WN,0,961,
396,10721,WN,1,110,
397,10721,YV,0,18,
398,10721,YV,1,4,
399,10721,YX,0,2403,
400,10721,YX,1,355,
401,10728,MQ,0,97,
402,10728,MQ,1,20,
403,10731,OO,0,131,
404,10731,OO,1,12,
405,10732,B6,0,145,
406,10732,B6,1,49,
407,10732,NK,0,58,
408,10732,NK,1,27,
409,10732,UA,0,27,
410,10732,UA,1,25,
411,10739,OO,0,73,
412,10739,OO,1,13,
413,10747,EV,0,72,
414,10747,EV,1,6,
415,10747,MQ,0,116,
416,10747,MQ,1,13,
417,10747,YV,0,80,
418,10747,YV,1,10,
419,10747,YX,0,7,
420,10754,AS,0,87,
421,10754,AS,1,17,
422,10779,OO,0,90,
423,10779,OO,1,7,
424,10781,9E,0,249,
425,10781,9E,1,45,
426,10781,EV,0,194,
427,10781,EV,1,32,
428,10781,MQ,0,123,
429,10781,MQ,1,43,
430,10781,OH,0,97,
431,10781,OH,1,35,
432,10781,OO,0,57,
433,10781,OO,1,7,
434,10781,UA,0,1,
435,10781,UA,1,1,
436,10781,YV,0,72,
437,10781,YV,1,17,
438,10781,YX,0,6,
439,10785,9E,0,271,
440,10785,9E,1,81,
441,10785,B6,0,123,
442,10785,B6,1,33,
443,10785,EV,0,32,
444,10785,EV,1,17,
445,10785,F9,0,12,
446,10785,F9,1,10,
447,10785,OH,0,83,
448,10785,OH,1,32,
449,10785,OO,0,2,
450,10785,OO,1,2,
451,10785,UA,0,12,
452,10785,UA,1,2,
453,10785,YV,0,38,
454,10785,YV,1,16,
455,10785,YX,0,236,
456,10785,YX,1,47,
457,10792,9E,0,474,
458,10792,9E,1,52,
459,10792,AA,0,144,
460,10792,AA,1,25,
461,10792,B6,0,479,
462,10792,B6,1,82,
463,10792,DL,0,194,
464,10792,DL,1,39,
465,10792,EV,0,38,
466,10792,EV,1,24,
467,10792,F9,0,75,
468,10792,F9,1,32,
469,10792,MQ,0,147,
470,10792,MQ,1,29,
471,10792,OH,0,112,
472,10792,OH,1,37,
473,10792,OO,0,56,
474,10792,OO,1,15,
475,10792,UA,0,80,
476,10792,UA,1,2,
477,10792,WN,0,609,
478,10792,WN,1,125,
479,10792,YV,0,5,
480,10792,YV,1,2,
481,10792,YX,0,83,
482,10792,YX,1,23,
483,10800,AA,0,89,
484,10800,AA,1,17,
485,10800,AS,0,174,
486,10800,AS,1,72,
487,10800,B6,0,80,
488,10800,B6,1,20,
489,10800,DL,0,29,
490,10800,DL,1,23,
491,10800,NK,0,79,
492,10800,NK,1,13,
493,10800,OO,0,456,
494,10800,OO,1,72,
495,10800,UA,0,103,
496,10800,UA,1,14,
497,10800,WN,0,2769,
498,10800,WN,1,278,
499,10800,YV,0,200,
500,10800,YV,1,37,
501,10821,9E,0,320,
502,10821,9E,1,55,
503,10821,AA,0,512,
504,10821,AA,1,94,
505,10821,AS,0,66,
506,10821,AS,1,32,
507,10821,B6,0,173,
508,10821,B6,1,21,
509,10821,DL,0,739,
510,10821,DL,1,104,
511,10821,F9,0,46,
512,10821,F9,1,14,
513,10821,G4,0,25,
514,10821,G4,1,11,
515,10821,MQ,0,79,
516,10821,MQ,1,19,
517,10821,NK,0,927,
518,10821,NK,1,235,
519,10821,OH,0,6,
520,10821,OH,1,4,
521,10821,OO,0,85,
522,10821,OO,1,33,
523,10821,UA,0,340,
524,10821,UA,1,60,
525,10821,WN,0,7451,
526,10821,WN,1,1635,
527,10821,YX,0,27,
528,10821,YX,1,12,
529,10849,AA,0,52,
530,10849,AA,1,10,
531,10849,B6,0,4,
532,10849,DL,0,185,
533,10849,DL,1,24,
534,10849,F9,0,23,
535,10849,F9,1,6,
536,10849,G4,0,25,
537,10849,G4,1,7,
538,10849,MQ,0,32,
539,10849,MQ,1,18,
540,10849,OO,0,500,
541,10849,OO,1,108,
542,10849,UA,0,226,
543,10849,UA,1,30,
544,10849,YV,0,16,
545,10849,YV,1,4,
546,10849,YX,0,2,
547,10868,9E,0,213,
548,10868,9E,1,23,
549,10868,DL,0,161,
550,10868,DL,1,18,
551,10868,MQ,0,131,
552,10868,MQ,1,48,
553,10868,OH,0,248,
554,10868,OH,1,82,
555,10868,OO,0,47,
556,10868,OO,1,21,
557,10868,YX,0,41,
558,10868,YX,1,6,
559,10874,9E,0,60,
560,10874,9E,1,4,
561,10874,DL,0,73,
562,10874,DL,1,7,
563,10874,EV,0,19,
564,10874,EV,1,9,
565,10874,NK,0,60,
566,10874,NK,1,18,
567,10874,OH,0,276,
568,10874,OH,1,119,
569,10874,OO,0,79,
570,10874,OO,1,27,
571,10874,YV,0,46,
572,10874,YV,1,6,
573,10918,OO,0,87,
574,10918,OO,1,3,
575,10926,AS,0,65,
576,10926,AS,1,16,
577,10967,OO,0,64,
578,10967,OO,1,14,
579,10980,9E,0,300,
580,10980,9E,1,38,
581,10980,DL,0,72,
582,10980,DL,1,6,
583,10980,G4,0,25,
584,10980,G4,1,5,
585,10980,MQ,0,44,
586,10980,MQ,1,2,
587,10980,OH,0,254,
588,10980,OH,1,61,
589,10980,OO,0,117,
590,10980,OO,1,31,
591,10980,YV,0,67,
592,10980,YV,1,21,
593,10990,9E,0,225,
594,10990,9E,1,48,
595,10990,DL,0,43,
596,10990,DL,1,5,
597,10990,MQ,0,168,
598,10990,MQ,1,58,
599,10990,OH,0,162,
600,10990,OH,1,38,
601,10990,OO,0,107,
602,10990,OO,1,40,
603,10994,9E,0,71,
604,10994,9E,1,9,
605,10994,AA,0,209,
606,10994,AA,1,36,
607,10994,AS,0,26,
608,10994,AS,1,12,
609,10994,B6,0,168,
610,10994,B6,1,41,
611,10994,DL,0,501,
612,10994,DL,1,52,
613,10994,EV,0,46,
614,10994,EV,1,6,
615,10994,G4,0,23,
616,10994,MQ,0,94,
617,10994,MQ,1,15,
618,10994,OH,0,388,
619,10994,OH,1,127,
620,10994,OO,0,142,
621,10994,OO,1,33,
622,10994,UA,0,18,
623,10994,UA,1,4,
624,10994,WN,0,298,
625,10994,WN,1,49,
626,10994,YV,0,126,
627,10994,YV,1,32,
628,10994,YX,0,290,
629,10994,YX,1,39,
630,11003,9E,0,91,
631,11003,9E,1,35,
632,11003,DL,0,35,
633,11003,DL,1,17,
634,11003,F9,0,22,
635,11003,F9,1,6,
636,11003,G4,0,63,
637,11003,G4,1,46,
638,11003,MQ,0,234,
639,11003,MQ,1,92,
640,11003,OH,0,86,
641,11003,OH,1,52,
642,11003,OO,0,213,
643,11003,OO,1,48,
644,11003,UA,0,81,
645,11003,UA,1,22,
646,11003,YV,0,52,
647,11003,YV,1,30,
648,11013,OO,0,69,
649,11013,OO,1,22,
650,11027,G4,0,14,
651,11027,G4,1,3,
652,11027,OO,0,77,
653,11027,OO,1,21,
654,11042,9E,0,557,
655,11042,9E,1,76,
656,11042,AA,0,211,
657,11042,AA,1,34,
658,11042,B6,0,190,
659,11042,B6,1,26,
660,11042,DL,0,359,
661,11042,DL,1,47,
662,11042,EV,0,356,
663,11042,EV,1,75,
664,11042,F9,0,403,
665,11042,F9,1,119,
666,11042,G4,0,28,
667,11042,G4,1,10,
668,11042,MQ,0,311,
669,11042,MQ,1,84,
670,11042,NK,0,361,
671,11042,NK,1,65,
672,11042,OH,0,206,
673,11042,OH,1,70,
674,11042,OO,0,46,
675,11042,OO,1,4,
676,11042,UA,0,738,
677,11042,UA,1,96,
678,11042,WN,0,739,
679,11042,WN,1,91,
680,11042,YV,0,56,
681,11042,YV,1,8,
682,11042,YX,0,467,
683,11042,YX,1,73,
684,11049,EV,0,96,
685,11049,EV,1,2,
686,11049,MQ,0,88,
687,11049,MQ,1,20,
688,11049,OO,0,48,
689,11049,OO,1,4,
690,11057,9E,0,221,
691,11057,9E,1,62,
692,11057,AA,0,11748,
693,11057,AA,1,2496,
694,11057,B6,0,191,
695,11057,B6,1,23,
696,11057,DL,0,956,
697,11057,DL,1,105,
698,11057,EV,0,90,
699,11057,EV,1,37,
700,11057,F9,0,184,
701,11057,F9,1,45,
702,11057,MQ,0,719,
703,11057,MQ,1,235,
704,11057,NK,0,168,
705,11057,NK,1,40,
706,11057,OH,0,9531,
707,11057,OH,1,3546,
708,11057,OO,0,92,
709,11057,OO,1,52,
710,11057,UA,0,75,
711,11057,UA,1,7,
712,11057,WN,0,369,
713,11057,WN,1,46,
714,11057,YV,0,258,
715,11057,YV,1,71,
716,11057,YX,0,1537,
717,11057,YX,1,290,
718,11066,9E,0,73,
719,11066,9E,1,6,
720,11066,AA,0,266,
721,11066,AA,1,58,
722,11066,AS,1,25,
723,11066,AS,0,18,
724,11066,DL,0,447,
725,11066,DL,1,43,
726,11066,EV,0,75,
727,11066,EV,1,53,
728,11066,F9,0,27,
729,11066,F9,1,12,
730,11066,MQ,0,516,
731,11066,MQ,1,142,
732,11066,NK,0,194,
733,11066,NK,1,35,
734,11066,OH,0,244,
735,11066,OH,1,34,
736,11066,OO,0,210,
737,11066,OO,1,46,
738,11066,UA,0,92,
739,11066,UA,1,27,
740,11066,WN,0,1432,
741,11066,WN,1,167,
742,11066,YV,0,143,
743,11066,YV,1,19,
744,11066,YX,0,1564,
745,11066,YX,1,215,
746,11067,MQ,0,296,
747,11067,MQ,1,82,
748,11076,OO,0,72,
749,11076,OO,1,18,
750,11092,OO,0,34,
751,11092,OO,1,12,
752,11097,OO,0,2,
753,11109,AA,0,206,
754,11109,AA,1,26,
755,11109,DL,0,42,
756,11109,DL,1,5,
757,11109,EV,0,36,
758,11109,EV,1,4,
759,11109,F9,0,153,
760,11109,F9,1,15,
761,11109,MQ,0,55,
762,11109,MQ,1,8,
763,11109,OO,0,638,
764,11109,OO,1,110,
765,11109,UA,0,60,
766,11109,UA,1,8,
767,11109,YV,0,7,
768,11109,YX,0,22,
769,11109,YX,1,2,
770,11111,MQ,0,23,
771,11111,MQ,1,8,
772,11111,OO,0,160,
773,11111,OO,1,29,
774,11111,YV,0,18,
775,11111,YV,1,6,
776,11122,OO,0,166,
777,11122,OO,1,8,
778,11140,EV,0,221,
779,11140,EV,1,14,
780,11140,MQ,0,139,
781,11140,MQ,1,42,
782,11140,OO,0,33,
783,11140,OO,1,8,
784,11140,WN,0,167,
785,11140,WN,1,19,
786,11140,YV,0,165,
787,11140,YV,1,35,
788,11140,YX,0,3,
789,11146,9E,0,38,
790,11146,9E,1,2,
791,11146,DL,0,12,
792,11146,EV,0,2,
793,11146,OH,0,240,
794,11146,OH,1,84,
795,11146,OO,0,181,
796,11146,OO,1,58,
797,11150,9E,0,16,
798,11150,9E,1,2,
799,11150,OO,0,104,
800,11150,OO,1,15,
801,11193,9E,0,1542,
802,11193,9E,1,242,
803,11193,AA,0,104,
804,11193,AA,1,15,
805,11193,DL,0,977,
806,11193,DL,1,126,
807,11193,EV,0,90,
808,11193,EV,1,26,
809,11193,F9,0,316,
810,11193,F9,1,44,
811,11193,G4,0,298,
812,11193,G4,1,67,
813,11193,MQ,0,546,
814,11193,MQ,1,139,
815,11193,OH,0,527,
816,11193,OH,1,134,
817,11193,OO,0,37,
818,11193,OO,1,6,
819,11193,UA,0,32,
820,11193,UA,1,6,
821,11193,WN,0,354,
822,11193,WN,1,37,
823,11193,YV,0,96,
824,11193,YV,1,21,
825,11193,YX,0,253,
826,11193,YX,1,36,
827,11203,9E,0,146,
828,11203,9E,1,36,
829,11203,MQ,0,116,
830,11203,MQ,1,29,
831,11203,OO,0,2,
832,11233,OO,0,37,
833,11233,OO,1,13,
834,11252,AA,0,34,
835,11252,AA,1,1,
836,11252,DL,0,236,
837,11252,DL,1,11,
838,11252,OH,0,184,
839,11252,OH,1,32,
840,11252,YX,0,5,
841,11252,YX,1,2,
842,11259,DL,0,187,
843,11259,DL,1,43,
844,11259,OO,0,253,
845,11259,OO,1,61,
846,11259,WN,0,7824,
847,11259,WN,1,1607,
848,11267,9E,0,222,
849,11267,9E,1,30,
850,11267,DL,0,177,
851,11267,DL,1,16,
852,11267,G4,0,12,
853,11267,G4,1,3,
854,11267,MQ,0,178,
855,11267,MQ,1,42,
856,11267,OH,0,590,
857,11267,OH,1,166,
858,11267,OO,0,131,
859,11267,OO,1,35,
860,11267,YV,0,75,
861,11267,YV,1,12,
862,11267,YX,0,16,
863,11274,MQ,0,118,
864,11274,MQ,1,27,
865,11278,9E,0,243,
866,11278,9E,1,38,
867,11278,AA,0,3220,
868,11278,AA,1,513,
869,11278,AS,0,188,
870,11278,AS,1,68,
871,11278,B6,0,1263,
872,11278,B6,1,158,
873,11278,DL,0,1179,
874,11278,DL,1,114,
875,11278,EV,0,377,
876,11278,EV,1,79,
877,11278,F9,0,135,
878,11278,F9,1,21,
879,11278,MQ,0,162,
880,11278,MQ,1,33,
881,11278,OH,0,2937,
882,11278,OH,1,1328,
883,11278,OO,0,64,
884,11278,OO,1,7,
885,11278,UA,0,387,
886,11278,UA,1,55,
887,11278,WN,0,1908,
888,11278,WN,1,345,
889,11278,YV,0,109,
890,11278,YV,1,24,
891,11278,YX,0,3431,
892,11278,YX,1,627,
893,11292,AA,0,1022,
894,11292,AA,1,237,
895,11292,AS,0,171,
896,11292,AS,1,64,
897,11292,B6,0,113,
898,11292,B6,1,30,
899,11292,DL,0,1389,
900,11292,DL,1,190,
901,11292,F9,0,2308,
902,11292,F9,1,468,
903,11292,G4,1,2,
904,11292,NK,0,470,
905,11292,NK,1,80,
906,11292,OO,0,6148,
907,11292,OO,1,1394,
908,11292,UA,0,8007,
909,11292,UA,1,1400,
910,11292,WN,0,7703,
911,11292,WN,1,1629,
912,11292,YX,0,846,
913,11292,YX,1,123,
914,11298,9E,0,121,
915,11298,9E,1,34,
916,11298,AA,0,14674,
917,11298,AA,1,4994,
918,11298,AS,0,104,
919,11298,AS,1,51,
920,11298,B6,0,62,
921,11298,B6,1,22,
922,11298,DL,0,1260,
923,11298,DL,1,290,
924,11298,F9,0,129,
925,11298,F9,1,23,
926,11298,MQ,0,6619,
927,11298,MQ,1,1644,
928,11298,NK,0,850,
929,11298,NK,1,133,
930,11298,OH,0,310,
931,11298,OH,1,88,
932,11298,OO,0,2034,
933,11298,OO,1,499,
934,11298,UA,0,680,
935,11298,UA,1,154,
936,11298,YV,0,3687,
937,11298,YV,1,1227,
938,11298,YX,0,150,
939,11298,YX,1,41,
940,11308,OO,0,152,
941,11308,OO,1,39,
942,11337,MQ,0,82,
943,11337,MQ,1,16,
944,11337,OO,0,222,
945,11337,OO,1,64,
946,11337,UA,0,46,
947,11337,UA,1,4,
948,11413,OO,0,112,
949,11413,OO,1,26,
950,11413,YV,0,197,
951,11413,YV,1,42,
952,11413,YX,0,50,
953,11413,YX,1,4,
954,11415,MQ,0,89,
955,11415,MQ,1,6,
956,11423,9E,0,362,
957,11423,9E,1,53,
958,11423,AA,0,162,
959,11423,AA,1,53,
960,11423,DL,0,90,
961,11423,DL,1,29,
962,11423,F9,0,56,
963,11423,F9,1,17,
964,11423,G4,0,76,
965,11423,G4,1,33,
966,11423,MQ,0,91,
967,11423,MQ,1,37,
968,11423,OH,0,117,
969,11423,OH,1,64,
970,11423,OO,0,383,
971,11423,OO,1,111,
972,11423,UA,0,135,
973,11423,UA,1,27,
974,11423,WN,0,129,
975,11423,WN,1,12,
976,11423,YV,1,10,
977,11423,YV,0,7,
978,11423,YX,0,115,
979,11423,YX,1,36,
980,11433,9E,0,2552,
981,11433,9E,1,318,
982,11433,AA,0,541,
983,11433,AA,1,137,
984,11433,AS,0,29,
985,11433,AS,1,21,
986,11433,B6,0,136,
987,11433,B6,1,33,
988,11433,DL,0,6826,
989,11433,DL,1,1104,
990,11433,EV,0,96,
991,11433,EV,1,22,
992,11433,F9,0,145,
993,11433,F9,1,39,
994,11433,MQ,0,78,
995,11433,MQ,1,24,
996,11433,NK,0,1242,
997,11433,NK,1,216,
998,11433,OH,0,118,
999,11433,OH,1,44,
1000,11433,OO,0,4763,
1001,11433,OO,1,1197,
1002,11433,UA,0,144,
1003,11433,UA,1,35,
1004,11433,WN,0,575,
1005,11433,WN,1,62,
1006,11433,YV,0,172,
1007,11433,YV,1,56,
1008,11433,YX,0,843,
1009,11433,YX,1,182,
1010,11447,OO,0,80,
1011,11447,OO,1,6,
1012,11468,OO,0,129,
1013,11468,OO,1,18,
1014,11471,OO,0,76,
1015,11471,OO,1,17,
1016,11481,DL,0,261,
1017,11481,DL,1,28,
1018,11481,EV,0,52,
1019,11481,EV,1,6,
1020,11481,OH,0,131,
1021,11481,OH,1,13,
1022,11481,WN,0,148,
1023,11481,WN,1,16,
1024,11481,YV,0,114,
1025,11481,YV,1,20,
1026,11503,AA,0,221,
1027,11503,AA,1,115,
1028,11503,DL,0,47,
1029,11503,DL,1,5,
1030,11503,OO,0,174,
1031,11503,OO,1,43,
1032,11503,UA,0,131,
1033,11503,UA,1,30,
1034,11525,OO,0,83,
1035,11525,OO,1,14,
1036,11537,9E,0,4,
1037,11537,G4,0,39,
1038,11537,G4,1,13,
1039,11537,OO,0,209,
1040,11537,OO,1,28,
1041,11540,AA,0,247,
1042,11540,AA,1,41,
1043,11540,DL,0,85,
1044,11540,DL,1,12,
1045,11540,EV,0,101,
1046,11540,EV,1,12,
1047,11540,F9,0,14,
1048,11540,F9,1,3,
1049,11540,G4,0,8,
1050,11540,G4,1,7,
1051,11540,MQ,0,88,
1052,11540,MQ,1,19,
1053,11540,OO,0,118,
1054,11540,OO,1,15,
1055,11540,WN,0,831,
1056,11540,WN,1,86,
1057,11540,YV,0,445,
1058,11540,YV,1,107,
1059,11540,YX,0,14,
1060,11540,YX,1,8,
1061,11577,EV,0,13,
1062,11577,EV,1,4,
1063,11577,OO,0,116,
1064,11577,OO,1,13,
1065,11587,OO,0,63,
1066,11587,OO,1,25,
1067,11603,G4,0,35,
1068,11603,G4,1,31,
1069,11603,OO,0,634,
1070,11603,OO,1,112,
1071,11603,UA,0,60,
1072,11603,UA,1,4,
1073,11612,9E,0,228,
1074,11612,9E,1,31,
1075,11612,G4,0,12,
1076,11612,G4,1,3,
1077,11612,MQ,0,18,
1078,11612,MQ,1,8,
1079,11612,OO,0,73,
1080,11612,OO,1,24,
1081,11612,YV,0,59,
1082,11612,YV,1,11,
1083,11617,9E,0,83,
1084,11617,9E,1,10,
1085,11617,OH,0,178,
1086,11617,OH,1,53,
1087,11618,9E,0,174,
1088,11618,9E,1,51,
1089,11618,AA,0,836,
1090,11618,AA,1,212,
1091,11618,AS,0,392,
1092,11618,AS,1,122,
1093,11618,B6,0,1050,
1094,11618,B6,1,445,
1095,11618,DL,0,580,
1096,11618,DL,1,131,
1097,11618,EV,0,1528,
1098,11618,EV,1,560,
1099,11618,F9,0,341,
1100,11618,F9,1,125,
1101,11618,G4,0,54,
1102,11618,G4,1,16,
1103,11618,MQ,0,46,
1104,11618,MQ,1,14,
1105,11618,NK,0,574,
1106,11618,NK,1,156,
1107,11618,OO,0,167,
1108,11618,OO,1,47,
1109,11618,UA,0,5798,
1110,11618,UA,1,2044,
1111,11618,YX,0,2676,
1112,11618,YX,1,758,
1113,11624,9E,0,51,
1114,11624,9E,1,1,
1115,11624,AA,0,30,
1116,11624,AA,1,22,
1117,11624,DL,0,170,
1118,11624,DL,1,38,
1119,11624,EV,0,45,
1120,11624,EV,1,19,
1121,11624,MQ,0,44,
1122,11624,MQ,1,23,
1123,11624,YX,0,585,
1124,11624,YX,1,161,
1125,11630,AS,0,466,
1126,11630,AS,1,80,
1127,11630,DL,0,42,
1128,11630,DL,1,10,
1129,11637,9E,0,12,
1130,11637,9E,1,4,
1131,11637,AA,0,44,
1132,11637,AA,1,4,
1133,11637,DL,0,72,
1134,11637,DL,1,22,
1135,11637,F9,0,19,
1136,11637,F9,1,2,
1137,11637,G4,0,64,
1138,11637,G4,1,31,
1139,11637,MQ,0,175,
1140,11637,MQ,1,50,
1141,11637,OO,0,310,
1142,11637,OO,1,114,
1143,11637,YX,0,61,
1144,11637,YX,1,20,
1145,11638,AA,0,114,
1146,11638,AA,1,22,
1147,11638,F9,0,15,
1148,11638,F9,1,2,
1149,11638,G4,0,73,
1150,11638,G4,1,9,
1151,11638,OO,0,1033,
1152,11638,OO,1,166,
1153,11638,UA,0,76,
1154,11638,UA,1,13,
1155,11638,YV,0,111,
1156,11638,YV,1,21,
1157,11641,DL,0,49,
1158,11641,DL,1,3,
1159,11641,MQ,0,6,
1160,11641,MQ,1,6,
1161,11641,OH,0,244,
1162,11641,OH,1,88,
1163,11641,OO,0,136,
1164,11641,OO,1,46,
1165,11648,DL,0,40,
1166,11648,DL,1,12,
1167,11648,G4,0,26,
1168,11648,G4,1,2,
1169,11648,OO,0,260,
1170,11648,OO,1,46,
1171,11648,UA,0,41,
1172,11648,UA,1,11,
1173,11695,OO,0,209,
1174,11695,OO,1,26,
1175,11695,YV,0,41,
1176,11695,YV,1,11,
1177,11697,AA,0,982,
1178,11697,AA,1,177,
1179,11697,AS,0,167,
1180,11697,AS,1,63,
1181,11697,B6,0,3006,
1182,11697,B6,1,728,
1183,11697,DL,0,1492,
1184,11697,DL,1,264,
1185,11697,F9,0,104,
1186,11697,F9,1,46,
1187,11697,G4,0,313,
1188,11697,G4,1,124,
1189,11697,NK,0,2681,
1190,11697,NK,1,662,
1191,11697,UA,0,1089,
1192,11697,UA,1,187,
1193,11697,WN,0,2958,
1194,11697,WN,1,725,
1195,11697,YV,0,8,
1196,11697,YV,1,2,
1197,11721,9E,0,61,
1198,11721,9E,1,5,
1199,11721,DL,0,71,
1200,11721,DL,1,8,
1201,11721,G4,0,82,
1202,11721,G4,1,28,
1203,11721,MQ,0,124,
1204,11721,MQ,1,30,
1205,11721,OH,0,20,
1206,11721,OH,1,6,
1207,11721,OO,0,55,
1208,11721,OO,1,13,
1209,11775,DL,0,76,
1210,11775,DL,1,28,
1211,11775,EV,0,6,
1212,11775,EV,1,2,
1213,11775,F9,0,12,
1214,11775,F9,1,10,
1215,11775,G4,0,72,
1216,11775,G4,1,27,
1217,11775,MQ,0,56,
1218,11775,MQ,1,31,
1219,11775,OO,0,309,
1220,11775,OO,1,73,
1221,11775,UA,0,33,
1222,11775,UA,1,13,
1223,11775,YV,0,138,
1224,11775,YV,1,51,
1225,11778,MQ,0,116,
1226,11778,MQ,1,23,
1227,11778,OO,0,119,
1228,11778,OO,1,33,
1229,11823,G4,0,67,
1230,11823,G4,1,22,
1231,11823,MQ,0,62,
1232,11823,MQ,1,10,
1233,11823,OH,0,87,
1234,11823,OH,1,15,
1235,11823,OO,0,608,
1236,11823,OO,1,112,
1237,11865,OO,0,99,
1238,11865,OO,1,11,
1239,11867,MQ,0,73,
1240,11867,MQ,1,21,
1241,11884,AA,0,71,
1242,11884,AA,1,15,
1243,11884,AS,0,93,
1244,11884,AS,1,47,
1245,11884,DL,0,219,
1246,11884,DL,1,27,
1247,11884,F9,0,20,
1248,11884,F9,1,17,
1249,11884,MQ,0,47,
1250,11884,MQ,1,13,
1251,11884,OO,0,410,
1252,11884,OO,1,152,
1253,11884,UA,0,131,
1254,11884,UA,1,9,
1255,11884,WN,0,491,
1256,11884,WN,1,63,
1257,11884,YX,0,10,
1258,11898,G4,0,15,
1259,11898,G4,1,11,
1260,11898,OO,0,184,
1261,11898,OO,1,45,
1262,11905,MQ,0,103,
1263,11905,MQ,1,29,
1264,11921,G4,0,24,
1265,11921,G4,1,6,
1266,11921,MQ,0,84,
1267,11921,MQ,1,21,
1268,11921,OO,0,335,
1269,11921,OO,1,48,
1270,11921,YX,0,12,
1271,11921,YX,1,4,
1272,11953,9E,0,200,
1273,11953,9E,1,28,
1274,11953,DL,0,36,
1275,11953,DL,1,6,
1276,11953,MQ,0,91,
1277,11953,MQ,1,22,
1278,11953,OH,0,165,
1279,11953,OH,1,42,
1280,11953,OO,0,131,
1281,11953,OO,1,41,
1282,11973,9E,0,146,
1283,11973,9E,1,33,
1284,11973,DL,0,51,
1285,11973,DL,1,1,
1286,11973,EV,0,133,
1287,11973,EV,1,13,
1288,11973,G4,0,4,
1289,11973,MQ,0,23,
1290,11973,MQ,1,2,
1291,11973,OH,0,105,
1292,11973,OH,1,33,
1293,11973,YV,0,65,
1294,11973,YV,1,32,
1295,11977,9E,0,83,
1296,11977,9E,1,6,
1297,11977,DL,0,8,
1298,11977,DL,1,2,
1299,11977,EV,0,10,
1300,11977,F9,0,17,
1301,11977,F9,1,5,
1302,11977,MQ,0,94,
1303,11977,MQ,1,49,
1304,11977,OO,0,316,
1305,11977,OO,1,67,
1306,11977,YX,0,6,
1307,11980,G4,0,22,
1308,11980,G4,1,10,
1309,11980,MQ,0,78,
1310,11980,MQ,1,17,
1311,11982,EV,0,98,
1312,11982,EV,1,20,
1313,11982,MQ,0,235,
1314,11982,MQ,1,61,
1315,11982,OO,0,11,
1316,11982,OO,1,2,
1317,11982,YX,0,6,
1318,11986,9E,0,72,
1319,11986,9E,1,8,
1320,11986,AA,0,66,
1321,11986,AA,1,33,
1322,11986,DL,0,367,
1323,11986,DL,1,59,
1324,11986,EV,0,38,
1325,11986,EV,1,7,
1326,11986,F9,0,67,
1327,11986,F9,1,29,
1328,11986,G4,0,192,
1329,11986,G4,1,93,
1330,11986,MQ,0,138,
1331,11986,MQ,1,71,
1332,11986,OH,0,263,
1333,11986,OH,1,57,
1334,11986,OO,0,324,
1335,11986,OO,1,92,
1336,11986,UA,0,104,
1337,11986,UA,1,20,
1338,11986,WN,0,215,
1339,11986,WN,1,35,
1340,11986,YV,0,7,
1341,11986,YV,1,6,
1342,11986,YX,0,167,
1343,11986,YX,1,42,
1344,11995,9E,0,220,
1345,11995,9E,1,34,
1346,11995,AA,0,89,
1347,11995,AA,1,6,
1348,11995,DL,0,297,
1349,11995,DL,1,26,
1350,11995,EV,0,50,
1351,11995,EV,1,41,
1352,11995,G4,0,24,
1353,11995,G4,1,6,
1354,11995,MQ,0,382,
1355,11995,MQ,1,119,
1356,11995,NK,0,39,
1357,11995,NK,1,13,
1358,11995,OH,0,285,
1359,11995,OH,1,73,
1360,11995,OO,0,85,
1361,11995,OO,1,22,
1362,11995,YV,0,32,
1363,11995,YV,1,13,
1364,11995,YX,0,58,
1365,11995,YX,1,17,
1366,11996,9E,0,167,
1367,11996,9E,1,36,
1368,11996,AA,0,68,
1369,11996,AA,1,26,
1370,11996,DL,0,339,
1371,11996,DL,1,37,
1372,11996,EV,0,56,
1373,11996,EV,1,21,
1374,11996,F9,0,31,
1375,11996,F9,1,8,
1376,11996,G4,0,39,
1377,11996,G4,1,10,
1378,11996,MQ,0,160,
1379,11996,MQ,1,57,
1380,11996,OH,0,517,
1381,11996,OH,1,162,
1382,11996,OO,0,43,
1383,11996,OO,1,6,
1384,11996,UA,0,4,
1385,11996,WN,0,169,
1386,11996,WN,1,24,
1387,11996,YV,0,79,
1388,11996,YV,1,14,
1389,11996,YX,0,114,
1390,11996,YX,1,10,
1391,12003,G4,0,20,
1392,12003,G4,1,10,
1393,12003,OO,0,222,
1394,12003,OO,1,13,
1395,12007,OO,0,157,
1396,12007,OO,1,29,
1397,12012,AA,0,40,
1398,12012,AA,1,24,
1399,12012,YV,0,43,
1400,12012,YV,1,7,
1401,12016,UA,0,112,
1402,12016,UA,1,14,
1403,12094,AA,0,35,
1404,12094,AA,1,27,
1405,12094,B6,0,15,
1406,12094,B6,1,15,
1407,12094,DL,0,56,
1408,12094,DL,1,15,
1409,12094,EV,1,6,
1410,12094,EV,0,4,
1411,12094,MQ,0,34,
1412,12094,MQ,1,14,
1413,12094,OO,0,76,
1414,12094,OO,1,23,
1415,12094,UA,0,43,
1416,12094,UA,1,25,
1417,12119,G4,0,14,
1418,12119,G4,1,7,
1419,12124,YX,0,248,
1420,12124,YX,1,60,
1421,12129,OO,0,70,
1422,12129,OO,1,16,
1423,12156,OO,0,160,
1424,12156,OO,1,16,
1425,12173,AA,0,361,
1426,12173,AA,1,71,
1427,12173,AS,0,321,
1428,12173,AS,1,144,
1429,12173,DL,0,338,
1430,12173,DL,1,80,
1431,12173,HA,0,4274,
1432,12173,HA,1,552,
1433,12173,UA,0,557,
1434,12173,UA,1,105,
1435,12173,WN,0,812,
1436,12173,WN,1,84,
1437,12177,OO,0,118,
1438,12177,OO,1,29,
1439,12191,DL,0,241,
1440,12191,DL,1,27,
1441,12191,MQ,0,97,
1442,12191,MQ,1,51,
1443,12191,OO,0,14,
1444,12191,OO,1,3,
1445,12191,WN,0,6129,
1446,12191,WN,1,1343,
1447,12191,YV,0,138,
1448,12191,YV,1,49,
1449,12197,9E,0,148,
1450,12197,9E,1,12,
1451,12197,B6,0,491,
1452,12197,B6,1,167,
1453,12197,DL,0,111,
1454,12197,DL,1,29,
1455,12197,OH,0,300,
1456,12197,OH,1,103,
1457,12197,OO,0,208,
1458,12197,OO,1,39,
1459,12206,9E,0,40,
1460,12206,9E,1,5,
1461,12206,EV,0,138,
1462,12206,EV,1,6,
1463,12206,F9,0,13,
1464,12206,F9,1,4,
1465,12206,MQ,0,112,
1466,12206,MQ,1,19,
1467,12206,WN,0,249,
1468,12206,WN,1,21,
1469,12206,YV,0,78,
1470,12206,YV,1,15,
1471,12206,YX,0,6,
1472,12217,9E,0,106,
1473,12217,9E,1,10,
1474,12217,DL,0,241,
1475,12217,DL,1,12,
1476,12217,EV,0,9,
1477,12217,EV,1,4,
1478,12217,F9,0,11,
1479,12217,F9,1,4,
1480,12217,MQ,0,51,
1481,12217,MQ,1,15,
1482,12217,OH,0,265,
1483,12217,OH,1,72,
1484,12217,OO,0,123,
1485,12217,OO,1,24,
1486,12217,YV,0,221,
1487,12217,YV,1,73,
1488,12217,YX,0,73,
1489,12217,YX,1,7,
1490,12223,G4,0,30,
1491,12223,G4,1,16,
1492,12244,YX,0,78,
1493,12244,YX,1,9,
1494,12255,OO,0,139,
1495,12255,OO,1,34,
1496,12264,9E,0,132,
1497,12264,9E,1,25,
1498,12264,AA,0,216,
1499,12264,AA,1,39,
1500,12264,AS,0,153,
1501,12264,AS,1,62,
1502,12264,DL,0,358,
1503,12264,DL,1,55,
1504,12264,F9,0,39,
1505,12264,F9,1,4,
1506,12264,OH,0,218,
1507,12264,OH,1,71,
1508,12264,OO,0,559,
1509,12264,OO,1,135,
1510,12264,UA,0,2813,
1511,12264,UA,1,495,
1512,12264,WN,0,218,
1513,12264,WN,1,24,
1514,12264,YV,0,1862,
1515,12264,YV,1,498,
1516,12264,YX,0,424,
1517,12264,YX,1,84,
1518,12265,G4,0,44,
1519,12265,G4,1,17,
1520,12265,NK,0,25,
1521,12265,NK,1,8,
1522,12266,9E,0,59,
1523,12266,9E,1,9,
1524,12266,AA,0,733,
1525,12266,AA,1,183,
1526,12266,AS,0,75,
1527,12266,AS,1,24,
1528,12266,B6,0,69,
1529,12266,B6,1,33,
1530,12266,DL,0,708,
1531,12266,DL,1,160,
1532,12266,EV,0,3791,
1533,12266,EV,1,464,
1534,12266,F9,0,97,
1535,12266,F9,1,14,
1536,12266,MQ,0,77,
1537,12266,MQ,1,23,
1538,12266,NK,0,729,
1539,12266,NK,1,170,
1540,12266,OH,0,8,
1541,12266,OH,1,2,
1542,12266,OO,0,1964,
1543,12266,OO,1,496,
1544,12266,UA,0,6945,
1545,12266,UA,1,1331,
1546,12266,YV,0,4132,
1547,12266,YV,1,944,
1548,12266,YX,0,1198,
1549,12266,YX,1,160,
1550,12278,AA,0,63,
1551,12278,AA,1,20,
1552,12278,DL,0,115,
1553,12278,DL,1,20,
1554,12278,EV,0,34,
1555,12278,EV,1,6,
1556,12278,F9,0,24,
1557,12278,F9,1,4,
1558,12278,G4,0,22,
1559,12278,G4,1,8,
1560,12278,MQ,0,212,
1561,12278,MQ,1,64,
1562,12278,OO,0,189,
1563,12278,OO,1,18,
1564,12278,UA,0,47,
1565,12278,UA,1,5,
1566,12278,WN,0,187,
1567,12278,WN,1,10,
1568,12278,YV,0,215,
1569,12278,YV,1,58,
1570,12278,YX,0,35,
1571,12278,YX,1,4,
1572,12280,G4,1,22,
1573,12280,G4,0,8,
1574,12280,OO,0,182,
1575,12280,OO,1,20,
1576,12323,9E,0,8,
1577,12323,9E,1,2,
1578,12323,AA,0,147,
1579,12323,AA,1,33,
1580,12323,DL,0,50,
1581,12323,DL,1,2,
1582,12323,MQ,0,110,
1583,12323,MQ,1,21,
1584,12323,OH,0,238,
1585,12323,OH,1,68,
1586,12323,OO,0,137,
1587,12323,OO,1,33,
1588,12323,YX,0,86,
1589,12323,YX,1,14,
1590,12335,OO,0,77,
1591,12335,OO,1,18,
1592,12339,9E,0,321,
1593,12339,9E,1,38,
1594,12339,AA,0,384,
1595,12339,AA,1,88,
1596,12339,AS,0,35,
1597,12339,AS,1,17,
1598,12339,DL,0,641,
1599,12339,DL,1,59,
1600,12339,EV,0,122,
1601,12339,EV,1,73,
1602,12339,F9,0,85,
1603,12339,F9,1,25,
1604,12339,G4,0,177,
1605,12339,G4,1,35,
1606,12339,MQ,0,165,
1607,12339,MQ,1,47,
1608,12339,NK,0,148,
1609,12339,NK,1,58,
1610,12339,OH,0,199,
1611,12339,OH,1,63,
1612,12339,OO,0,305,
1613,12339,OO,1,78,
1614,12339,UA,0,96,
1615,12339,UA,1,7,
1616,12339,WN,0,1282,
1617,12339,WN,1,189,
1618,12339,YV,0,62,
1619,12339,YV,1,11,
1620,12339,YX,0,1516,
1621,12339,YX,1,178,
1622,12343,OO,0,76,
1623,12343,OO,1,11,
1624,12391,F9,0,285,
1625,12391,F9,1,44,
1626,12391,WN,0,441,
1627,12391,WN,1,60,
1628,12397,OO,0,84,
1629,12397,OO,1,24,
1630,12402,HA,0,732,
1631,12402,HA,1,55,
1632,12402,UA,0,22,
1633,12402,UA,1,6,
1634,12402,WN,0,58,
1635,12402,WN,1,4,
1636,12441,AA,0,80,
1637,12441,AA,1,23,
1638,12441,DL,0,105,
1639,12441,DL,1,74,
1640,12441,OO,0,170,
1641,12441,OO,1,86,
1642,12441,UA,0,159,
1643,12441,UA,1,57,
1644,12448,9E,0,111,
1645,12448,9E,1,20,
1646,12448,DL,0,214,
1647,12448,DL,1,17,
1648,12448,EV,0,93,
1649,12448,EV,1,11,
1650,12448,MQ,0,34,
1651,12448,MQ,1,10,
1652,12448,OH,0,187,
1653,12448,OH,1,60,
1654,12448,OO,0,149,
1655,12448,OO,1,40,
1656,12448,YV,0,164,
1657,12448,YV,1,36,
1658,12451,9E,0,179,
1659,12451,9E,1,18,
1660,12451,AA,0,403,
1661,12451,AA,1,92,
1662,12451,B6,0,386,
1663,12451,B6,1,52,
1664,12451,DL,0,696,
1665,12451,DL,1,63,
1666,12451,EV,0,74,
1667,12451,EV,1,14,
1668,12451,F9,0,20,
1669,12451,F9,1,4,
1670,12451,G4,0,31,
1671,12451,G4,1,15,
1672,12451,MQ,0,114,
1673,12451,MQ,1,42,
1674,12451,NK,0,53,
1675,12451,NK,1,14,
1676,12451,OH,0,163,
1677,12451,OH,1,58,
1678,12451,OO,0,79,
1679,12451,OO,1,16,
1680,12451,UA,0,128,
1681,12451,UA,1,11,
1682,12451,WN,0,481,
1683,12451,WN,1,68,
1684,12451,YV,0,44,
1685,12451,YV,1,10,
1686,12451,YX,0,503,
1687,12451,YX,1,84,
1688,12478,9E,0,2367,
1689,12478,9E,1,357,
1690,12478,AA,0,1838,
1691,12478,AA,1,332,
1692,12478,AS,0,474,
1693,12478,AS,1,189,
1694,12478,B6,0,4476,
1695,12478,B6,1,979,
1696,12478,DL,0,4005,
1697,12478,DL,1,851,
1698,12478,HA,0,38,
1699,12478,HA,1,14,
1700,12478,MQ,0,444,
1701,12478,MQ,1,112,
1702,12478,YX,0,594,
1703,12478,YX,1,70,
1704,12511,MQ,0,118,
1705,12511,MQ,1,54,
1706,12519,OO,0,121,
1707,12519,OO,1,6,
1708,12523,AS,0,410,
1709,12523,AS,1,151,
1710,12544,G4,0,137,
1711,12544,G4,1,48,
1712,12758,AA,0,124,
1713,12758,AA,1,34,
1714,12758,AS,0,231,
1715,12758,AS,1,107,
1716,12758,DL,0,73,
1717,12758,DL,1,30,
1718,12758,HA,0,1043,
1719,12758,HA,1,116,
1720,12758,UA,0,238,
1721,12758,UA,1,36,
1722,12758,WN,0,221,
1723,12758,WN,1,18,
1724,12819,AS,0,204,
1725,12819,AS,1,92,
1726,12884,9E,0,82,
1727,12884,9E,1,11,
1728,12884,EV,0,6,
1729,12884,MQ,0,76,
1730,12884,MQ,1,20,
1731,12884,OH,0,23,
1732,12884,OH,1,19,
1733,12884,OO,0,150,
1734,12884,OO,1,46,
1735,12884,YX,0,1,
1736,12888,OO,0,78,
1737,12888,OO,1,10,
1738,12889,AA,0,1762,
1739,12889,AA,1,338,
1740,12889,AS,0,937,
1741,12889,AS,1,308,
1742,12889,B6,0,491,
1743,12889,B6,1,131,
1744,12889,DL,0,1829,
1745,12889,DL,1,266,
1746,12889,F9,0,1510,
1747,12889,F9,1,449,
1748,12889,G4,0,967,
1749,12889,G4,1,212,
1750,12889,HA,0,130,
1751,12889,HA,1,33,
1752,12889,NK,0,2130,
1753,12889,NK,1,279,
1754,12889,OO,0,416,
1755,12889,OO,1,61,
1756,12889,UA,0,1726,
1757,12889,UA,1,228,
1758,12889,WN,0,8038,
1759,12889,WN,1,1427,
1760,12891,MQ,0,75,
1761,12891,MQ,1,24,
1762,12891,OO,0,63,
1763,12891,OO,1,12,
1764,12892,AA,0,4597,
1765,12892,AA,1,1302,
1766,12892,AS,0,1852,
1767,12892,AS,1,680,
1768,12892,B6,0,808,
1769,12892,B6,1,152,
1770,12892,DL,0,4076,
1771,12892,DL,1,749,
1772,12892,F9,0,181,
1773,12892,F9,1,33,
1774,12892,G4,0,112,
1775,12892,G4,1,40,
1776,12892,HA,0,270,
1777,12892,HA,1,46,
1778,12892,NK,0,831,
1779,12892,NK,1,132,
1780,12892,OO,0,4292,
1781,12892,OO,1,867,
1782,12892,UA,0,2964,
1783,12892,UA,1,417,
1784,12892,WN,0,4527,
1785,12892,WN,1,724,
1786,12896,AA,0,39,
1787,12896,AA,1,17,
1788,12896,EV,0,77,
1789,12896,EV,1,13,
1790,12896,MQ,0,33,
1791,12896,MQ,1,17,
1792,12896,OO,0,127,
1793,12896,OO,1,16,
1794,12896,WN,0,365,
1795,12896,WN,1,23,
1796,12896,YV,0,226,
1797,12896,YV,1,64,
1798,12898,NK,0,110,
1799,12898,NK,1,20,
1800,12899,OO,0,80,
1801,12899,OO,1,8,
1802,12902,OO,0,72,
1803,12902,OO,1,15,
1804,12915,EV,0,55,
1805,12915,MQ,0,98,
1806,12915,MQ,1,19,
1807,12915,OO,0,75,
1808,12915,OO,1,3,
1809,12917,G4,0,67,
1810,12917,G4,1,23,
1811,12945,9E,0,310,
1812,12945,9E,1,29,
1813,12945,DL,0,50,
1814,12945,DL,1,6,
1815,12945,EV,0,87,
1816,12945,EV,1,8,
1817,12945,G4,0,62,
1818,12945,G4,1,35,
1819,12945,MQ,0,182,
1820,12945,MQ,1,59,
1821,12945,OH,0,18,
1822,12945,OH,1,8,
1823,12945,OO,0,160,
1824,12945,OO,1,25,
1825,12945,YX,0,88,
1826,12945,YX,1,19,
1827,12951,9E,0,90,
1828,12951,9E,1,12,
1829,12951,DL,0,31,
1830,12951,DL,1,11,
1831,12951,EV,0,180,
1832,12951,EV,1,22,
1833,12951,MQ,0,32,
1834,12951,MQ,1,13,
1835,12951,OO,0,47,
1836,12951,OO,1,9,
1837,12951,YV,0,166,
1838,12951,YV,1,32,
1839,12951,YX,0,4,
1840,12953,9E,0,2620,
1841,12953,9E,1,638,
1842,12953,AA,0,2753,
1843,12953,AA,1,491,
1844,12953,B6,0,675,
1845,12953,B6,1,114,
1846,12953,DL,0,3236,
1847,12953,DL,1,644,
1848,12953,EV,0,250,
1849,12953,EV,1,38,
1850,12953,F9,0,116,
1851,12953,F9,1,38,
1852,12953,MQ,0,799,
1853,12953,MQ,1,257,
1854,12953,NK,0,445,
1855,12953,NK,1,121,
1856,12953,OH,0,123,
1857,12953,OH,1,58,
1858,12953,OO,0,775,
1859,12953,OO,1,262,
1860,12953,UA,0,710,
1861,12953,UA,1,100,
1862,12953,WN,0,1381,
1863,12953,WN,1,364,
1864,12953,YV,0,257,
1865,12953,YV,1,70,
1866,12953,YX,0,4388,
1867,12953,YX,1,901,
1868,12954,B6,0,953,
1869,12954,B6,1,141,
1870,12954,DL,0,32,
1871,12954,DL,1,5,
1872,12954,HA,0,43,
1873,12954,HA,1,7,
1874,12954,OO,0,286,
1875,12954,OO,1,19,
1876,12954,WN,0,657,
1877,12954,WN,1,61,
1878,12954,YV,0,125,
1879,12954,YV,1,17,
1880,12982,AA,0,107,
1881,12982,AA,1,30,
1882,12982,AS,0,180,
1883,12982,AS,1,71,
1884,12982,DL,0,82,
1885,12982,DL,1,9,
1886,12982,HA,0,1156,
1887,12982,HA,1,92,
1888,12982,UA,0,120,
1889,12982,UA,1,22,
1890,12982,WN,0,214,
1891,12982,WN,1,10,
1892,12992,9E,0,55,
1893,12992,9E,1,10,
1894,12992,DL,0,241,
1895,12992,DL,1,25,
1896,12992,EV,0,110,
1897,12992,EV,1,18,
1898,12992,F9,0,16,
1899,12992,F9,1,1,
1900,12992,G4,0,4,
1901,12992,MQ,0,372,
1902,12992,MQ,1,102,
1903,12992,OH,0,229,
1904,12992,OH,1,54,
1905,12992,OO,0,142,
1906,12992,OO,1,73,
1907,12992,WN,0,266,
1908,12992,WN,1,33,
1909,12992,YV,0,8,
1910,12992,YX,0,8,
1911,12992,YX,1,2,
1912,13029,9E,0,28,
1913,13029,9E,1,13,
1914,13029,EV,0,18,
1915,13029,EV,1,3,
1916,13029,OO,0,151,
1917,13029,OO,1,42,
1918,13061,EV,0,133,
1919,13061,EV,1,8,
1920,13061,G4,0,12,
1921,13061,G4,1,3,
1922,13061,MQ,0,132,
1923,13061,MQ,1,24,
1924,13061,OO,0,27,
1925,13076,MQ,0,93,
1926,13076,MQ,1,47,
1927,13076,OO,0,133,
1928,13076,OO,1,21,
1929,13121,OO,0,49,
1930,13121,OO,1,7,
1931,13127,OO,0,103,
1932,13127,OO,1,5,
1933,13139,MQ,0,17,
1934,13139,MQ,1,17,
1935,13139,OH,0,82,
1936,13139,OH,1,20,
1937,13158,AA,0,49,
1938,13158,AA,1,16,
1939,13158,EV,0,11,
1940,13158,EV,1,6,
1941,13158,MQ,0,5,
1942,13158,OO,0,61,
1943,13158,OO,1,14,
1944,13158,UA,0,53,
1945,13158,UA,1,2,
1946,13158,WN,0,417,
1947,13158,WN,1,47,
1948,13158,YV,0,423,
1949,13158,YV,1,76,
1950,13158,YX,0,116,
1951,13158,YX,1,12,
1952,13184,9E,0,34,
1953,13184,9E,1,6,
1954,13184,OO,0,227,
1955,13184,OO,1,49,
1956,13198,9E,0,153,
1957,13198,9E,1,44,
1958,13198,AA,0,539,
1959,13198,AA,1,120,
1960,13198,AS,0,89,
1961,13198,AS,1,9,
1962,13198,DL,0,605,
1963,13198,DL,1,178,
1964,13198,EV,0,49,
1965,13198,EV,1,11,
1966,13198,F9,0,30,
1967,13198,F9,1,14,
1968,13198,G4,0,10,
1969,13198,G4,1,5,
1970,13198,MQ,0,82,
1971,13198,MQ,1,14,
1972,13198,NK,0,117,
1973,13198,NK,1,40,
1974,13198,OH,0,18,
1975,13198,OH,1,8,
1976,13198,OO,0,322,
1977,13198,OO,1,120,
1978,13198,UA,0,153,
1979,13198,UA,1,28,
1980,13198,WN,0,2560,
1981,13198,WN,1,393,
1982,13198,YV,0,163,
1983,13198,YV,1,43,
1984,13198,YX,0,719,
1985,13198,YX,1,169,
1986,13204,9E,0,6,
1987,13204,9E,1,2,
1988,13204,AA,0,2193,
1989,13204,AA,1,389,
1990,13204,AS,0,217,
1991,13204,AS,1,74,
1992,13204,B6,0,2119,
1993,13204,B6,1,656,
1994,13204,DL,0,2424,
1995,13204,DL,1,380,
1996,13204,F9,0,1936,
1997,13204,F9,1,418,
1998,13204,NK,0,2137,
1999,13204,NK,1,562,
2000,13204,UA,0,1551,
2001,13204,UA,1,294,
2002,13204,WN,0,4872,
2003,13204,WN,1,1116,
2004,13204,YX,0,13,
2005,13204,YX,1,2,
2006,13230,9E,0,72,
2007,13230,9E,1,3,
2008,13230,AA,0,83,
2009,13230,AA,1,7,
2010,13230,DL,0,113,
2011,13230,DL,1,16,
2012,13230,F9,0,21,
2013,13230,F9,1,9,
2014,13230,G4,0,79,
2015,13230,G4,1,23,
2016,13230,MQ,0,138,
2017,13230,MQ,1,26,
2018,13230,OH,0,49,
2019,13230,OH,1,8,
2020,13230,OO,0,112,
2021,13230,OO,1,28,
2022,13230,YV,0,2,
2023,13232,9E,0,35,
2024,13232,9E,1,1,
2025,13232,DL,0,214,
2026,13232,DL,1,34,
2027,13232,OO,0,336,
2028,13232,OO,1,53,
2029,13232,WN,0,7271,
2030,13232,WN,1,1880,
2031,13241,OO,0,73,
2032,13241,OO,1,31,
2033,13244,9E,0,34,
2034,13244,9E,1,19,
2035,13244,AA,0,503,
2036,13244,AA,1,104,
2037,13244,DL,0,478,
2038,13244,DL,1,40,
2039,13244,EV,0,222,
2040,13244,EV,1,85,
2041,13244,F9,0,30,
2042,13244,F9,1,2,
2043,13244,G4,0,71,
2044,13244,G4,1,25,
2045,13244,MQ,0,102,
2046,13244,MQ,1,49,
2047,13244,OH,0,103,
2048,13244,OH,1,33,
2049,13244,OO,0,433,
2050,13244,OO,1,83,
2051,13244,UA,0,5,
2052,13244,UA,1,2,
2053,13244,WN,0,455,
2054,13244,WN,1,55,
2055,13244,YV,0,103,
2056,13244,YV,1,27,
2057,13244,YX,0,328,
2058,13244,YX,1,49,
2059,13256,AA,0,142,
2060,13256,AA,1,17,
2061,13256,EV,0,150,
2062,13256,EV,1,15,
2063,13256,G4,0,63,
2064,13256,G4,1,11,
2065,13256,MQ,0,93,
2066,13256,MQ,1,32,
2067,13256,OO,0,10,
2068,13256,OO,1,2,
2069,13256,UA,0,41,
2070,13256,UA,1,6,
2071,13256,YV,0,140,
2072,13256,YV,1,25,
2073,13256,YX,0,3,
2074,13264,G4,0,19,
2075,13264,G4,1,13,
2076,13264,OO,0,430,
2077,13264,OO,1,75,
2078,13264,UA,0,58,
2079,13264,UA,1,4,
2080,13277,9E,0,65,
2081,13277,9E,1,11,
2082,13277,MQ,0,12,
2083,13277,MQ,1,2,
2084,13277,OH,0,32,
2085,13277,OH,1,4,
2086,13277,OO,0,192,
2087,13277,OO,1,53,
2088,13277,YV,0,67,
2089,13277,YV,1,24,
2090,13290,MQ,0,84,
2091,13290,MQ,1,18,
2092,13290,OO,0,102,
2093,13290,OO,1,25,
2094,13296,9E,0,100,
2095,13296,9E,1,8,
2096,13296,OH,0,223,
2097,13296,OH,1,65,
2098,13296,OO,0,39,
2099,13296,OO,1,11,
2100,13296,WN,0,388,
2101,13296,WN,1,44,
2102,13296,YV,0,9,
2103,13296,YV,1,8,
2104,13296,YX,0,44,
2105,13296,YX,1,8,
2106,13303,AA,0,6065,
2107,13303,AA,1,1411,
2108,13303,DL,0,1130,
2109,13303,DL,1,224,
2110,13303,F9,0,495,
2111,13303,F9,1,107,
2112,13303,MQ,0,1330,
2113,13303,MQ,1,334,
2114,13303,UA,0,751,
2115,13303,UA,1,213,
2116,13303,YV,1,4,
2117,13303,YV,0,1,
2118,13303,YX,0,1703,
2119,13303,YX,1,189,
2120,13342,9E,0,98,
2121,13342,9E,1,32,
2122,13342,AA,0,144,
2123,13342,AA,1,58,
2124,13342,AS,0,26,
2125,13342,AS,1,19,
2126,13342,DL,0,518,
2127,13342,DL,1,69,
2128,13342,EV,0,47,
2129,13342,EV,1,26,
2130,13342,F9,0,176,
2131,13342,F9,1,48,
2132,13342,OH,0,161,
2133,13342,OH,1,47,
2134,13342,OO,0,627,
2135,13342,OO,1,179,
2136,13342,UA,0,35,
2137,13342,UA,1,5,
2138,13342,WN,0,1317,
2139,13342,WN,1,225,
2140,13342,YV,0,69,
2141,13342,YV,1,19,
2142,13342,YX,0,49,
2143,13342,YX,1,6,
2144,13344,OO,0,70,
2145,13344,OO,1,15,
2146,13360,AA,0,30,
2147,13360,AA,1,10,
2148,13360,DL,0,212,
2149,13360,DL,1,23,
2150,13360,OH,0,143,
2151,13360,OH,1,32,
2152,13367,9E,0,108,
2153,13367,9E,1,27,
2154,13367,G4,0,52,
2155,13367,G4,1,17,
2156,13367,MQ,0,116,
2157,13367,MQ,1,24,
2158,13367,OO,0,138,
2159,13367,OO,1,36,
2160,13367,YV,0,68,
2161,13367,YV,1,24,
2162,13377,EV,0,93,
2163,13377,EV,1,6,
2164,13377,MQ,0,68,
2165,13377,MQ,1,24,
2166,13377,OO,0,202,
2167,13377,OO,1,42,
2168,13388,OO,0,105,
2169,13388,OO,1,28,
2170,13422,9E,0,93,
2171,13422,9E,1,17,
2172,13422,DL,0,38,
2173,13422,DL,1,2,
2174,13422,EV,0,99,
2175,13422,EV,1,14,
2176,13422,OH,1,6,
2177,13422,OH,0,4,
2178,13422,OO,0,137,
2179,13422,OO,1,36,
2180,13422,YV,0,186,
2181,13422,YV,1,57,
2182,13433,9E,0,10,
2183,13433,G4,0,35,
2184,13433,G4,1,11,
2185,13433,OO,0,227,
2186,13433,OO,1,46,
2187,13459,MQ,0,29,
2188,13459,MQ,1,19,
2189,13459,OO,0,80,
2190,13459,OO,1,26,
2191,13476,G4,0,10,
2192,13476,G4,1,5,
2193,13476,MQ,0,12,
2194,13476,OO,0,308,
2195,13476,OO,1,39,
2196,13476,YV,0,161,
2197,13476,YV,1,34,
2198,13485,9E,0,115,
2199,13485,9E,1,24,
2200,13485,AA,0,45,
2201,13485,AA,1,33,
2202,13485,DL,0,181,
2203,13485,DL,1,30,
2204,13485,EV,0,21,
2205,13485,EV,1,4,
2206,13485,F9,0,57,
2207,13485,F9,1,15,
2208,13485,MQ,0,119,
2209,13485,MQ,1,32,
2210,13485,OH,0,180,
2211,13485,OH,1,67,
2212,13485,OO,0,456,
2213,13485,OO,1,129,
2214,13485,UA,0,136,
2215,13485,UA,1,33,
2216,13485,YV,0,76,
2217,13485,YV,1,35,
2218,13485,YX,0,75,
2219,13485,YX,1,7,
2220,13486,DL,0,86,
2221,13486,DL,1,9,
2222,13486,G4,0,28,
2223,13486,G4,1,4,
2224,13486,MQ,0,44,
2225,13486,MQ,1,6,
2226,13486,OO,0,135,
2227,13486,OO,1,20,
2228,13486,UA,0,54,
2229,13486,UA,1,8,
2230,13487,9E,0,1574,
2231,13487,9E,1,277,
2232,13487,AA,0,567,
2233,13487,AA,1,116,
2234,13487,AS,0,55,
2235,13487,AS,1,39,
2236,13487,B6,0,115,
2237,13487,B6,1,24,
2238,13487,DL,0,6754,
2239,13487,DL,1,1676,
2240,13487,EV,0,48,
2241,13487,EV,1,13,
2242,13487,F9,0,159,
2243,13487,F9,1,20,
2244,13487,MQ,0,115,
2245,13487,MQ,1,30,
2246,13487,NK,0,365,
2247,13487,NK,1,126,
2248,13487,OO,0,4623,
2249,13487,OO,1,1338,
2250,13487,UA,0,405,
2251,13487,UA,1,49,
2252,13487,WN,0,823,
2253,13487,WN,1,141,
2254,13487,YV,0,151,
2255,13487,YV,1,35,
2256,13487,YX,0,567,
2257,13487,YX,1,100,
2258,13495,9E,1,4,
2259,13495,9E,0,1,
2260,13495,AA,0,690,
2261,13495,AA,1,150,
2262,13495,AS,0,100,
2263,13495,AS,1,42,
2264,13495,B6,0,152,
2265,13495,B6,1,45,
2266,13495,DL,0,905,
2267,13495,DL,1,217,
2268,13495,EV,0,6,
2269,13495,EV,1,2,
2270,13495,F9,0,93,
2271,13495,F9,1,15,
2272,13495,G4,0,24,
2273,13495,G4,1,16,
2274,13495,MQ,0,93,
2275,13495,MQ,1,21,
2276,13495,NK,0,742,
2277,13495,NK,1,146,
2278,13495,OH,0,25,
2279,13495,OH,1,16,
2280,13495,OO,0,36,
2281,13495,OO,1,2,
2282,13495,UA,0,706,
2283,13495,UA,1,156,
2284,13495,WN,0,2305,
2285,13495,WN,1,564,
2286,13495,YV,0,26,
2287,13495,YV,1,6,
2288,13495,YX,0,419,
2289,13495,YX,1,86,
2290,13502,AA,0,46,
2291,13502,AA,1,18,
2292,13502,DL,0,10,
2293,13502,DL,1,5,
2294,13502,EV,0,29,
2295,13502,EV,1,10,
2296,13502,G4,0,13,
2297,13502,G4,1,2,
2298,13502,MQ,0,9,
2299,13502,MQ,1,6,
2300,13502,OO,0,117,
2301,13502,OO,1,19,
2302,13502,UA,0,15,
2303,13502,UA,1,5,
2304,13502,YV,0,87,
2305,13502,YV,1,19,
2306,13577,9E,0,49,
2307,13577,9E,1,6,
2308,13577,AA,0,41,
2309,13577,AA,1,9,
2310,13577,DL,0,129,
2311,13577,DL,1,9,
2312,13577,NK,0,208,
2313,13577,NK,1,48,
2314,13577,OH,0,178,
2315,13577,OH,1,53,
2316,13577,YX,0,120,
2317,13577,YX,1,29,
2318,13795,9E,0,160,
2319,13795,9E,1,12,
2320,13795,MQ,0,19,
2321,13795,MQ,1,9,
2322,13795,OH,0,166,
2323,13795,OH,1,41,
2324,13796,AA,0,115,
2325,13796,AA,1,24,
2326,13796,AS,0,235,
2327,13796,AS,1,77,
2328,13796,B6,0,121,
2329,13796,B6,1,17,
2330,13796,DL,0,87,
2331,13796,DL,1,5,
2332,13796,G4,0,67,
2333,13796,G4,1,29,
2334,13796,HA,0,143,
2335,13796,HA,1,11,
2336,13796,NK,0,183,
2337,13796,NK,1,12,
2338,13796,OO,0,155,
2339,13796,OO,1,8,
2340,13796,WN,0,4621,
2341,13796,WN,1,845,
2342,13796,YV,0,24,
2343,13796,YV,1,6,
2344,13829,G4,0,9,
2345,13829,G4,1,6,
2346,13830,AA,0,225,
2347,13830,AA,1,61,
2348,13830,AS,0,404,
2349,13830,AS,1,147,
2350,13830,DL,0,144,
2351,13830,DL,1,34,
2352,13830,HA,0,1887,
2353,13830,HA,1,346,
2354,13830,UA,0,320,
2355,13830,UA,1,69,
2356,13830,WN,0,348,
2357,13830,WN,1,31,
2358,13832,G4,1,4,
2359,13832,G4,0,3,
2360,13832,OO,0,49,
2361,13832,OO,1,22,
2362,13851,AA,0,207,
2363,13851,AA,1,37,
2364,13851,AS,0,33,
2365,13851,AS,1,14,
2366,13851,DL,0,251,
2367,13851,DL,1,17,
2368,13851,EV,0,14,
2369,13851,F9,0,26,
2370,13851,F9,1,6,
2371,13851,G4,0,16,
2372,13851,G4,1,3,
2373,13851,MQ,0,20,
2374,13851,MQ,1,2,
2375,13851,OH,0,110,
2376,13851,OH,1,39,
2377,13851,OO,0,599,
2378,13851,OO,1,108,
2379,13851,UA,0,13,
2380,13851,WN,0,802,
2381,13851,WN,1,80,
2382,13851,YV,0,482,
2383,13851,YV,1,90,
2384,13851,YX,0,159,
2385,13851,YX,1,17,
2386,13871,9E,0,104,
2387,13871,9E,1,11,
2388,13871,AA,0,189,
2389,13871,AA,1,37,
2390,13871,AS,0,33,
2391,13871,AS,1,15,
2392,13871,DL,0,199,
2393,13871,DL,1,34,
2394,13871,EV,0,26,
2395,13871,EV,1,3,
2396,13871,F9,0,103,
2397,13871,F9,1,22,
2398,13871,G4,0,42,
2399,13871,G4,1,19,
2400,13871,MQ,0,117,
2401,13871,MQ,1,30,
2402,13871,OH,0,165,
2403,13871,OH,1,35,
2404,13871,OO,0,616,
2405,13871,OO,1,156,
2406,13871,UA,0,191,
2407,13871,UA,1,44,
2408,13871,WN,0,760,
2409,13871,WN,1,146,
2410,13871,YV,0,92,
2411,13871,YV,1,39,
2412,13871,YX,0,209,
2413,13871,YX,1,55,
2414,13873,AS,0,92,
2415,13873,AS,1,9,
2416,13891,AA,0,449,
2417,13891,AA,1,91,
2418,13891,AS,0,206,
2419,13891,AS,1,44,
2420,13891,B6,0,35,
2421,13891,B6,1,3,
2422,13891,DL,0,109,
2423,13891,DL,1,30,
2424,13891,F9,0,51,
2425,13891,F9,1,12,
2426,13891,OO,0,264,
2427,13891,OO,1,76,
2428,13891,UA,0,87,
2429,13891,UA,1,13,
2430,13891,WN,0,1553,
2431,13891,WN,1,222,
2432,13891,YV,0,48,
2433,13891,YV,1,4,
2434,13930,9E,0,310,
2435,13930,9E,1,65,
2436,13930,AA,0,5832,
2437,13930,AA,1,1696,
2438,13930,AS,0,281,
2439,13930,AS,1,94,
2440,13930,B6,0,253,
2441,13930,B6,1,90,
2442,13930,DL,0,1532,
2443,13930,DL,1,317,
2444,13930,EV,0,1612,
2445,13930,EV,1,438,
2446,13930,F9,0,301,
2447,13930,F9,1,61,
2448,13930,MQ,0,6452,
2449,13930,MQ,1,2121,
2450,13930,NK,0,935,
2451,13930,NK,1,226,
2452,13930,OO,0,5612,
2453,13930,OO,1,2156,
2454,13930,UA,0,7269,
2455,13930,UA,1,1661,
2456,13930,YX,0,1615,
2457,13930,YX,1,283,
2458,13931,9E,0,271,
2459,13931,9E,1,78,
2460,13931,AA,0,260,
2461,13931,AA,1,35,
2462,13931,DL,0,381,
2463,13931,DL,1,37,
2464,13931,EV,0,56,
2465,13931,EV,1,49,
2466,13931,F9,0,48,
2467,13931,F9,1,11,
2468,13931,G4,0,48,
2469,13931,G4,1,20,
2470,13931,MQ,0,263,
2471,13931,MQ,1,63,
2472,13931,OH,0,465,
2473,13931,OH,1,180,
2474,13931,OO,0,168,
2475,13931,OO,1,26,
2476,13931,UA,0,22,
2477,13931,UA,1,12,
2478,13931,WN,0,289,
2479,13931,WN,1,37,
2480,13931,YV,0,103,
2481,13931,YV,1,21,
2482,13931,YX,0,110,
2483,13931,YX,1,35,
2484,13933,B6,0,115,
2485,13933,B6,1,41,
2486,13933,OO,0,36,
2487,13933,OO,1,5,
2488,13964,OO,0,23,
2489,13964,OO,1,12,
2490,13970,AS,0,90,
2491,13970,AS,1,11,
2492,13983,G4,0,13,
2493,13983,G4,1,2,
2494,14004,OO,0,163,
2495,14004,OO,1,89,
2496,14006,OO,0,81,
2497,14006,OO,1,11,
2498,14025,G4,0,45,
2499,14025,G4,1,14,
2500,14025,NK,0,21,
2501,14025,NK,1,12,
2502,14025,OO,0,61,
2503,14025,OO,1,20,
2504,14027,AA,0,799,
2505,14027,AA,1,103,
2506,14027,B6,0,1066,
2507,14027,B6,1,269,
2508,14027,DL,0,769,
2509,14027,DL,1,126,
2510,14027,F9,0,183,
2511,14027,F9,1,53,
2512,14027,G4,0,55,
2513,14027,G4,1,35,
2514,14027,NK,0,105,
2515,14027,NK,1,12,
2516,14027,UA,0,410,
2517,14027,UA,1,115,
2518,14027,WN,0,389,
2519,14027,WN,1,42,
2520,14027,YV,0,8,
2521,14027,YX,0,73,
2522,14027,YX,1,9,
2523,14057,AA,0,308,
2524,14057,AA,1,72,
2525,14057,AS,0,2295,
2526,14057,AS,1,532,
2527,14057,B6,0,80,
2528,14057,B6,1,7,
2529,14057,DL,0,819,
2530,14057,DL,1,146,
2531,14057,F9,0,50,
2532,14057,F9,1,14,
2533,14057,HA,0,73,
2534,14057,HA,1,31,
2535,14057,NK,0,88,
2536,14057,NK,1,3,
2537,14057,OO,0,1086,
2538,14057,OO,1,123,
2539,14057,UA,0,762,
2540,14057,UA,1,122,
2541,14057,WN,0,1366,
2542,14057,WN,1,177,
2543,14082,G4,0,696,
2544,14082,G4,1,147,
2545,14098,9E,0,124,
2546,14098,9E,1,23,
2547,14098,OH,0,71,
2548,14098,OH,1,33,
2549,14100,9E,0,182,
2550,14100,9E,1,19,
2551,14100,AA,0,4685,
2552,14100,AA,1,1003,
2553,14100,AS,0,49,
2554,14100,AS,1,13,
2555,14100,B6,0,402,
2556,14100,B6,1,65,
2557,14100,DL,0,664,
2558,14100,DL,1,75,
2559,14100,EV,0,28,
2560,14100,EV,1,2,
2561,14100,F9,0,650,
2562,14100,F9,1,190,
2563,14100,MQ,0,6,
2564,14100,MQ,1,6,
2565,14100,NK,0,499,
2566,14100,NK,1,102,
2567,14100,OH,0,1606,
2568,14100,OH,1,518,
2569,14100,OO,0,123,
2570,14100,OO,1,25,
2571,14100,UA,0,410,
2572,14100,UA,1,67,
2573,14100,WN,0,774,
2574,14100,WN,1,137,
2575,14100,YV,0,62,
2576,14100,YV,1,6,
2577,14100,YX,0,2051,
2578,14100,YX,1,230,
2579,14107,AA,0,7230,
2580,14107,AA,1,1389,
2581,14107,AS,0,394,
2582,14107,AS,1,146,
2583,14107,B6,0,128,
2584,14107,B6,1,28,
2585,14107,DL,0,1235,
2586,14107,DL,1,161,
2587,14107,F9,0,662,
2588,14107,F9,1,91,
2589,14107,HA,0,45,
2590,14107,HA,1,7,
2591,14107,NK,0,162,
2592,14107,NK,1,40,
2593,14107,OO,0,1404,
2594,14107,OO,1,180,
2595,14107,UA,0,1032,
2596,14107,UA,1,139,
2597,14107,WN,0,7089,
2598,14107,WN,1,1180,
2599,14107,YV,0,2128,
2600,14107,YV,1,595,
2601,14108,G4,0,72,
2602,14108,G4,1,16,
2603,14108,MQ,0,95,
2604,14108,MQ,1,40,
2605,14108,OH,0,82,
2606,14108,OH,1,18,
2607,14108,OO,0,135,
2608,14108,OO,1,43,
2609,14108,YV,0,69,
2610,14108,YV,1,28,
2611,14109,OO,0,83,
2612,14109,OO,1,11,
2613,14112,G4,0,808,
2614,14112,G4,1,142,
2615,14113,OO,0,143,
2616,14113,OO,1,13,
2617,14120,OO,0,87,
2618,14120,OO,1,7,
2619,14122,9E,0,401,
2620,14122,9E,1,70,
2621,14122,AA,0,632,
2622,14122,AA,1,83,
2623,14122,AS,0,27,
2624,14122,AS,1,17,
2625,14122,B6,0,207,
2626,14122,B6,1,33,
2627,14122,DL,0,435,
2628,14122,DL,1,43,
2629,14122,EV,0,96,
2630,14122,EV,1,18,
2631,14122,F9,0,19,
2632,14122,F9,1,3,
2633,14122,G4,0,57,
2634,14122,G4,1,34,
2635,14122,MQ,0,252,
2636,14122,MQ,1,65,
2637,14122,NK,0,338,
2638,14122,NK,1,51,
2639,14122,OH,0,312,
2640,14122,OH,1,74,
2641,14122,OO,0,219,
2642,14122,OO,1,65,
2643,14122,UA,0,243,
2644,14122,UA,1,49,
2645,14122,WN,0,1248,
2646,14122,WN,1,146,
2647,14122,YV,0,115,
2648,14122,YV,1,35,
2649,14122,YX,0,1296,
2650,14122,YX,1,163,
2651,14150,OO,0,93,
2652,14150,OO,1,32,
2653,14193,AA,0,51,
2654,14193,AA,1,8,
2655,14193,DL,0,323,
2656,14193,DL,1,68,
2657,14193,EV,0,84,
2658,14193,EV,1,5,
2659,14193,F9,0,15,
2660,14193,F9,1,2,
2661,14193,MQ,0,128,
2662,14193,MQ,1,26,
2663,14193,OH,0,327,
2664,14193,OH,1,77,
2665,14193,OO,0,44,
2666,14193,OO,1,11,
2667,14193,WN,0,136,
2668,14193,WN,1,16,
2669,14193,YV,0,204,
2670,14193,YV,1,43,
2671,14193,YX,0,9,
2672,14222,HA,0,9,
2673,14222,HA,1,6,
2674,14237,OO,0,90,
2675,14237,OO,1,18,
2676,14252,G4,0,21,
2677,14252,G4,1,9,
2678,14252,OO,0,347,
2679,14252,OO,1,85,
2680,14254,B6,0,82,
2681,14254,B6,1,30,
2682,14256,AS,0,77,
2683,14256,AS,1,22,
2684,14259,G4,0,18,
2685,14259,G4,1,16,
2686,14262,AA,0,195,
2687,14262,AA,1,45,
2688,14262,AS,0,227,
2689,14262,AS,1,73,
2690,14262,B6,0,31,
2691,14262,B6,1,12,
2692,14262,DL,0,120,
2693,14262,DL,1,28,
2694,14262,F9,0,11,
2695,14262,F9,1,6,
2696,14262,G4,0,11,
2697,14262,G4,1,6,
2698,14262,OO,0,689,
2699,14262,OO,1,126,
2700,14262,UA,0,182,
2701,14262,UA,1,59,
2702,14262,YV,0,127,
2703,14262,YV,1,29,
2704,14288,OO,0,114,
2705,14288,OO,1,13,
2706,14307,9E,0,26,
2707,14307,9E,1,1,
2708,14307,AA,0,185,
2709,14307,AA,1,24,
2710,14307,B6,0,167,
2711,14307,B6,1,39,
2712,14307,DL,0,170,
2713,14307,DL,1,6,
2714,14307,EV,0,88,
2715,14307,EV,1,41,
2716,14307,F9,0,89,
2717,14307,F9,1,15,
2718,14307,G4,0,9,
2719,14307,G4,1,6,
2720,14307,MQ,0,66,
2721,14307,MQ,1,15,
2722,14307,OH,0,218,
2723,14307,OH,1,77,
2724,14307,OO,0,65,
2725,14307,OO,1,6,
2726,14307,WN,0,670,
2727,14307,WN,1,97,
2728,14307,YV,0,48,
2729,14307,YV,1,13,
2730,14307,YX,0,164,
2731,14307,YX,1,20,
2732,14314,G4,0,81,
2733,14314,G4,1,30,
2734,14321,9E,0,215,
2735,14321,9E,1,73,
2736,14321,AA,0,89,
2737,14321,AA,1,25,
2738,14321,DL,0,37,
2739,14321,DL,1,8,
2740,14321,EV,0,103,
2741,14321,EV,1,54,
2742,14321,F9,0,63,
2743,14321,F9,1,17,
2744,14321,OH,0,77,
2745,14321,OH,1,54,
2746,14321,OO,0,36,
2747,14321,OO,1,6,
2748,14321,WN,0,121,
2749,14321,WN,1,30,
2750,14321,YX,0,257,
2751,14321,YX,1,67,
2752,14457,DL,0,38,
2753,14457,DL,1,2,
2754,14457,G4,0,34,
2755,14457,G4,1,8,
2756,14457,OO,0,245,
2757,14457,OO,1,40,
2758,14457,UA,0,12,
2759,14457,UA,1,2,
2760,14457,YV,0,89,
2761,14457,YV,1,20,
2762,14457,YX,0,38,
2763,14457,YX,1,5,
2764,14487,OO,0,169,
2765,14487,OO,1,39,
2766,14489,G4,0,20,
2767,14489,G4,1,10,
2768,14489,OO,0,563,
2769,14489,OO,1,93,
2770,14492,9E,0,959,
2771,14492,9E,1,151,
2772,14492,AA,0,1185,
2773,14492,AA,1,266,
2774,14492,AS,0,36,
2775,14492,AS,1,14,
2776,14492,B6,0,366,
2777,14492,B6,1,79,
2778,14492,DL,0,1236,
2779,14492,DL,1,178,
2780,14492,EV,0,17,
2781,14492,EV,1,10,
2782,14492,F9,0,291,
2783,14492,F9,1,39,
2784,14492,G4,1,11,
2785,14492,G4,0,10,
2786,14492,MQ,0,159,
2787,14492,MQ,1,34,
2788,14492,NK,0,180,
2789,14492,NK,1,47,
2790,14492,OH,0,137,
2791,14492,OH,1,55,
2792,14492,OO,0,38,
2793,14492,OO,1,4,
2794,14492,UA,0,475,
2795,14492,UA,1,104,
2796,14492,WN,0,1113,
2797,14492,WN,1,150,
2798,14492,YV,0,178,
2799,14492,YV,1,30,
2800,14492,YX,0,649,
2801,14492,YX,1,142,
2802,14512,G4,0,72,
2803,14512,G4,1,31,
2804,14520,OO,0,75,
2805,14520,OO,1,27,
2806,14524,9E,0,218,
2807,14524,9E,1,32,
2808,14524,AA,0,249,
2809,14524,AA,1,61,
2810,14524,B6,0,305,
2811,14524,B6,1,48,
2812,14524,DL,0,356,
2813,14524,DL,1,60,
2814,14524,EV,0,240,
2815,14524,EV,1,53,
2816,14524,G4,0,28,
2817,14524,G4,1,10,
2818,14524,MQ,0,286,
2819,14524,MQ,1,115,
2820,14524,NK,0,83,
2821,14524,NK,1,21,
2822,14524,OH,0,146,
2823,14524,OH,1,53,
2824,14524,OO,0,196,
2825,14524,OO,1,45,
2826,14524,UA,0,8,
2827,14524,UA,1,4,
2828,14524,WN,0,137,
2829,14524,WN,1,29,
2830,14524,YV,0,8,
2831,14524,YV,1,2,
2832,14524,YX,0,401,
2833,14524,YX,1,68,
2834,14534,OO,0,49,
2835,14534,OO,1,23,
2836,14543,OO,0,82,
2837,14543,OO,1,15,
2838,14570,AA,0,301,
2839,14570,AA,1,48,
2840,14570,AS,0,47,
2841,14570,AS,1,3,
2842,14570,B6,0,73,
2843,14570,B6,1,13,
2844,14570,DL,0,73,
2845,14570,DL,1,13,
2846,14570,F9,0,22,
2847,14570,F9,1,8,
2848,14570,G4,0,44,
2849,14570,G4,1,8,
2850,14570,OO,0,597,
2851,14570,OO,1,98,
2852,14570,UA,0,207,
2853,14570,UA,1,35,
2854,14570,WN,0,987,
2855,14570,WN,1,87,
2856,14570,YV,0,87,
2857,14570,YV,1,13,
2858,14574,9E,0,35,
2859,14574,9E,1,4,
2860,14574,DL,0,46,
2861,14574,DL,1,6,
2862,14574,EV,0,53,
2863,14574,EV,1,10,
2864,14574,G4,0,29,
2865,14574,G4,1,3,
2866,14574,MQ,0,65,
2867,14574,MQ,1,23,
2868,14574,OO,0,120,
2869,14574,OO,1,40,
2870,14574,YV,1,2,
2871,14576,9E,0,184,
2872,14576,9E,1,34,
2873,14576,AA,0,61,
2874,14576,AA,1,12,
2875,14576,B6,0,175,
2876,14576,B6,1,33,
2877,14576,DL,0,158,
2878,14576,DL,1,18,
2879,14576,EV,0,126,
2880,14576,EV,1,69,
2881,14576,G4,0,16,
2882,14576,G4,1,4,
2883,14576,MQ,0,57,
2884,14576,MQ,1,12,
2885,14576,OH,0,77,
2886,14576,OH,1,36,
2887,14576,OO,0,229,
2888,14576,OO,1,46,
2889,14576,UA,0,38,
2890,14576,UA,1,2,
2891,14576,WN,0,183,
2892,14576,WN,1,49,
2893,14576,YV,0,21,
2894,14576,YV,1,2,
2895,14576,YX,0,203,
2896,14576,YX,1,30,
2897,14588,MQ,0,6,
2898,14588,MQ,1,6,
2899,14588,OO,0,156,
2900,14588,OO,1,24,
2901,14633,9E,0,44,
2902,14633,9E,1,10,
2903,14633,MQ,0,139,
2904,14633,MQ,1,36,
2905,14633,OO,0,138,
2906,14633,OO,1,37,
2907,14635,9E,0,2,
2908,14635,AA,0,731,
2909,14635,AA,1,176,
2910,14635,B6,0,627,
2911,14635,B6,1,139,
2912,14635,DL,0,996,
2913,14635,DL,1,177,
2914,14635,F9,0,613,
2915,14635,F9,1,158,
2916,14635,NK,0,644,
2917,14635,NK,1,166,
2918,14635,OO,0,2,
2919,14635,UA,0,634,
2920,14635,UA,1,137,
2921,14635,WN,0,1035,
2922,14635,WN,1,213,
2923,14635,YV,0,36,
2924,14635,YV,1,10,
2925,14635,YX,0,163,
2926,14635,YX,1,44,
2927,14674,OO,0,153,
2928,14674,OO,1,34,
2929,14674,YV,0,34,
2930,14674,YV,1,7,
2931,14679,AA,0,1063,
2932,14679,AA,1,187,
2933,14679,AS,0,898,
2934,14679,AS,1,281,
2935,14679,B6,0,224,
2936,14679,B6,1,38,
2937,14679,DL,0,1022,
2938,14679,DL,1,167,
2939,14679,F9,0,210,
2940,14679,F9,1,24,
2941,14679,HA,0,87,
2942,14679,HA,1,16,
2943,14679,NK,0,191,
2944,14679,NK,1,27,
2945,14679,OO,0,976,
2946,14679,OO,1,102,
2947,14679,UA,0,1136,
2948,14679,UA,1,212,
2949,14679,WN,0,4887,
2950,14679,WN,1,646,
2951,14683,AA,0,931,
2952,14683,AA,1,146,
2953,14683,AS,0,58,
2954,14683,AS,1,32,
2955,14683,DL,0,345,
2956,14683,DL,1,57,
2957,14683,EV,0,17,
2958,14683,F9,0,60,
2959,14683,F9,1,11,
2960,14683,G4,1,10,
2961,14683,G4,0,5,
2962,14683,MQ,0,41,
2963,14683,MQ,1,9,
2964,14683,OO,0,482,
2965,14683,OO,1,81,
2966,14683,UA,0,538,
2967,14683,UA,1,43,
2968,14683,WN,0,1863,
2969,14683,WN,1,323,
2970,14683,YV,0,87,
2971,14683,YV,1,26,
2972,14683,YX,0,139,
2973,14683,YX,1,52,
2974,14685,9E,0,103,
2975,14685,9E,1,12,
2976,14685,AA,0,62,
2977,14685,AA,1,9,
2978,14685,B6,0,134,
2979,14685,B6,1,32,
2980,14685,DL,0,435,
2981,14685,DL,1,33,
2982,14685,EV,0,94,
2983,14685,EV,1,45,
2984,14685,G4,0,57,
2985,14685,G4,1,19,
2986,14685,MQ,0,105,
2987,14685,MQ,1,13,
2988,14685,OH,0,570,
2989,14685,OH,1,137,
2990,14685,OO,0,75,
2991,14685,OO,1,15,
2992,14685,UA,0,2,
2993,14685,UA,1,2,
2994,14685,YV,0,93,
2995,14685,YV,1,13,
2996,14685,YX,0,7,
2997,14685,YX,1,2,
2998,14689,AA,0,65,
2999,14689,AA,1,6,
3000,14689,AS,0,39,
3001,14689,AS,1,8,
3002,14689,MQ,0,90,
3003,14689,MQ,1,10,
3004,14689,OO,0,657,
3005,14689,OO,1,134,
3006,14689,UA,0,86,
3007,14689,UA,1,8,
3008,14689,YV,0,38,
3009,14689,YV,1,16,
3010,14696,EV,0,6,
3011,14696,EV,1,2,
3012,14696,G4,0,74,
3013,14696,G4,1,19,
3014,14696,OH,0,80,
3015,14696,OH,1,22,
3016,14696,OO,0,584,
3017,14696,OO,1,115,
3018,14698,MQ,0,40,
3019,14698,MQ,1,10,
3020,14698,OO,0,659,
3021,14698,OO,1,152,
3022,14709,AS,0,109,
3023,14709,AS,1,31,
3024,14711,G4,0,18,
3025,14711,G4,1,10,
3026,14711,MQ,0,37,
3027,14711,MQ,1,13,
3028,14711,OO,0,97,
3029,14711,OO,1,17,
3030,14716,G4,0,78,
3031,14716,G4,1,25,
3032,14716,OO,0,87,
3033,14716,OO,1,13,
3034,14730,9E,0,44,
3035,14730,9E,1,18,
3036,14730,AA,0,47,
3037,14730,AA,1,10,
3038,14730,DL,0,374,
3039,14730,DL,1,37,
3040,14730,EV,0,62,
3041,14730,EV,1,26,
3042,14730,F9,0,19,
3043,14730,F9,1,3,
3044,14730,G4,0,61,
3045,14730,G4,1,26,
3046,14730,MQ,0,155,
3047,14730,MQ,1,46,
3048,14730,OH,0,253,
3049,14730,OH,1,32,
3050,14730,OO,0,186,
3051,14730,OO,1,56,
3052,14730,WN,0,561,
3053,14730,WN,1,34,
3054,14730,YV,0,217,
3055,14730,YV,1,48,
3056,14730,YX,0,739,
3057,14730,YX,1,136,
3058,14747,AA,0,600,
3059,14747,AA,1,204,
3060,14747,AS,0,6279,
3061,14747,AS,1,2901,
3062,14747,B6,0,179,
3063,14747,B6,1,62,
3064,14747,DL,0,3384,
3065,14747,DL,1,788,
3066,14747,F9,0,38,
3067,14747,F9,1,17,
3068,14747,HA,0,88,
3069,14747,HA,1,45,
3070,14747,NK,0,138,
3071,14747,NK,1,13,
3072,14747,OO,0,1642,
3073,14747,OO,1,457,
3074,14747,UA,0,916,
3075,14747,UA,1,140,
3076,14747,WN,0,1030,
3077,14747,WN,1,260,
3078,14747,YX,0,6,
3079,14761,G4,0,1034,
3080,14761,G4,1,233,
3081,14771,AA,0,1439,
3082,14771,AA,1,358,
3083,14771,AS,0,2153,
3084,14771,AS,1,688,
3085,14771,B6,0,668,
3086,14771,B6,1,123,
3087,14771,DL,0,1610,
3088,14771,DL,1,332,
3089,14771,F9,0,163,
3090,14771,F9,1,57,
3091,14771,HA,0,120,
3092,14771,HA,1,32,
3093,14771,OO,0,4612,
3094,14771,OO,1,1356,
3095,14771,UA,0,5665,
3096,14771,UA,1,1401,
3097,14771,WN,0,1577,
3098,14771,WN,1,262,
3099,14783,9E,0,156,
3100,14783,9E,1,33,
3101,14783,EV,0,8,
3102,14783,EV,1,2,
3103,14783,G4,0,59,
3104,14783,G4,1,21,
3105,14783,MQ,0,480,
3106,14783,MQ,1,165,
3107,14783,OO,0,140,
3108,14783,OO,1,25,
3109,14794,OO,0,496,
3110,14794,OO,1,64,
3111,14802,OO,0,120,
3112,14802,OO,1,21,
3113,14812,OO,1,28,
3114,14812,OO,0,27,
3115,14814,9E,0,224,
3116,14814,9E,1,48,
3117,14814,EV,0,116,
3118,14814,EV,1,20,
3119,14814,G4,0,13,
3120,14814,G4,1,2,
3121,14814,MQ,0,146,
3122,14814,MQ,1,47,
3123,14814,OH,0,82,
3124,14814,OH,1,22,
3125,14814,OO,0,131,
3126,14814,OO,1,24,
3127,14814,YV,0,11,
3128,14828,AS,0,101,
3129,14828,AS,1,36,
3130,14831,AA,0,428,
3131,14831,AA,1,79,
3132,14831,AS,0,691,
3133,14831,AS,1,188,
3134,14831,B6,0,127,
3135,14831,B6,1,23,
3136,14831,DL,0,537,
3137,14831,DL,1,115,
3138,14831,F9,0,69,
3139,14831,F9,1,16,
3140,14831,HA,0,91,
3141,14831,HA,1,13,
3142,14831,OO,0,604,
3143,14831,OO,1,70,
3144,14831,UA,0,194,
3145,14831,UA,1,29,
3146,14831,WN,0,4655,
3147,14831,WN,1,470,
3148,14842,MQ,0,179,
3149,14842,MQ,1,47,
3150,14843,AA,0,590,
3151,14843,AA,1,68,
3152,14843,B6,0,1116,
3153,14843,B6,1,436,
3154,14843,DL,0,406,
3155,14843,DL,1,56,
3156,14843,F9,0,262,
3157,14843,F9,1,98,
3158,14843,G4,0,15,
3159,14843,G4,1,6,
3160,14843,NK,0,426,
3161,14843,NK,1,121,
3162,14843,UA,0,292,
3163,14843,UA,1,79,
3164,14843,WN,0,469,
3165,14843,WN,1,114,
3166,14869,AA,0,559,
3167,14869,AA,1,101,
3168,14869,AS,0,158,
3169,14869,AS,1,43,
3170,14869,B6,0,270,
3171,14869,B6,1,130,
3172,14869,DL,0,5301,
3173,14869,DL,1,1303,
3174,14869,EV,1,4,
3175,14869,EV,0,1,
3176,14869,F9,0,197,
3177,14869,F9,1,37,
3178,14869,OO,0,5920,
3179,14869,OO,1,859,
3180,14869,UA,0,431,
3181,14869,UA,1,62,
3182,14869,WN,0,1317,
3183,14869,WN,1,227,
3184,14869,YV,0,16,
3185,14869,YV,1,4,
3186,14869,YX,0,13,
3187,14869,YX,1,2,
3188,14877,OO,0,94,
3189,14877,OO,1,37,
3190,14893,AA,0,413,
3191,14893,AA,1,89,
3192,14893,AS,0,192,
3193,14893,AS,1,84,
3194,14893,B6,0,137,
3195,14893,B6,1,11,
3196,14893,DL,0,323,
3197,14893,DL,1,48,
3198,14893,F9,0,79,
3199,14893,F9,1,23,
3200,14893,HA,0,95,
3201,14893,HA,1,8,
3202,14893,NK,0,136,
3203,14893,NK,1,16,
3204,14893,OO,0,775,
3205,14893,OO,1,166,
3206,14893,UA,0,343,
3207,14893,UA,1,53,
3208,14893,WN,0,3728,
3209,14893,WN,1,447,
3210,14893,YX,0,39,
3211,14893,YX,1,3,
3212,14905,G4,0,21,
3213,14905,G4,1,6,
3214,14908,AA,0,669,
3215,14908,AA,1,123,
3216,14908,AS,0,412,
3217,14908,AS,1,126,
3218,14908,DL,0,421,
3219,14908,DL,1,145,
3220,14908,F9,0,85,
3221,14908,F9,1,16,
3222,14908,OO,0,586,
3223,14908,OO,1,105,
3224,14908,UA,0,725,
3225,14908,UA,1,105,
3226,14908,WN,0,1745,
3227,14908,WN,1,192,
3228,14952,G4,0,13,
3229,14952,G4,1,5,
3230,14952,MQ,0,71,
3231,14952,MQ,1,36,
3232,14952,OO,0,85,
3233,14952,OO,1,15,
3234,14955,UA,0,69,
3235,14955,UA,1,5,
3236,14960,MQ,0,116,
3237,14960,MQ,1,29,
3238,14986,AA,0,43,
3239,14986,AA,1,7,
3240,14986,B6,0,65,
3241,14986,B6,1,39,
3242,14986,DL,0,323,
3243,14986,DL,1,52,
3244,14986,F9,0,79,
3245,14986,F9,1,9,
3246,14986,G4,0,258,
3247,14986,G4,1,72,
3248,14986,MQ,0,80,
3249,14986,MQ,1,24,
3250,14986,OH,0,171,
3251,14986,OH,1,40,
3252,14986,OO,0,1,
3253,14986,UA,0,157,
3254,14986,UA,1,43,
3255,14986,YV,0,45,
3256,14986,YV,1,5,
3257,14986,YX,0,156,
3258,14986,YX,1,31,
3259,15008,G4,0,11,
3260,15008,G4,1,10,
3261,15016,9E,0,323,
3262,15016,9E,1,62,
3263,15016,AA,0,857,
3264,15016,AA,1,194,
3265,15016,AS,0,37,
3266,15016,AS,1,20,
3267,15016,DL,0,666,
3268,15016,DL,1,67,
3269,15016,EV,0,215,
3270,15016,EV,1,63,
3271,15016,F9,0,82,
3272,15016,F9,1,49,
3273,15016,MQ,0,68,
3274,15016,MQ,1,3,
3275,15016,OH,0,223,
3276,15016,OH,1,71,
3277,15016,OO,0,248,
3278,15016,OO,1,77,
3279,15016,UA,0,22,
3280,15016,WN,0,4310,
3281,15016,WN,1,902,
3282,15016,YV,0,62,
3283,15016,YV,1,22,
3284,15016,YX,0,412,
3285,15016,YX,1,78,
3286,15023,MQ,0,12,
3287,15023,OO,0,358,
3288,15023,OO,1,55,
3289,15023,YV,0,40,
3290,15023,YV,1,12,
3291,15024,AA,0,218,
3292,15024,AA,1,41,
3293,15024,B6,0,84,
3294,15024,B6,1,27,
3295,15024,DL,0,105,
3296,15024,DL,1,27,
3297,15024,NK,0,43,
3298,15024,NK,1,17,
3299,15024,UA,0,106,
3300,15024,UA,1,23,
3301,15027,AA,0,95,
3302,15027,AA,1,26,
3303,15027,DL,0,10,
3304,15027,DL,1,10,
3305,15027,NK,0,16,
3306,15027,NK,1,6,
3307,15041,OO,0,200,
3308,15041,OO,1,50,
3309,15048,MQ,0,123,
3310,15048,MQ,1,54,
3311,15070,B6,0,74,
3312,15070,B6,1,30,
3313,15070,G4,0,27,
3314,15070,G4,1,7,
3315,15070,OO,0,47,
3316,15070,OO,1,9,
3317,15074,MQ,0,79,
3318,15074,MQ,1,17,
3319,15096,9E,0,172,
3320,15096,9E,1,30,
3321,15096,AA,0,162,
3322,15096,AA,1,23,
3323,15096,B6,0,167,
3324,15096,B6,1,41,
3325,15096,DL,0,167,
3326,15096,DL,1,15,
3327,15096,F9,0,54,
3328,15096,F9,1,28,
3329,15096,G4,0,68,
3330,15096,G4,1,22,
3331,15096,MQ,0,7,
3332,15096,OH,0,148,
3333,15096,OH,1,59,
3334,15096,OO,0,253,
3335,15096,OO,1,75,
3336,15096,UA,0,39,
3337,15096,UA,1,5,
3338,15096,YV,1,6,
3339,15096,YV,0,3,
3340,15096,YX,0,116,
3341,15096,YX,1,19,
3342,15249,9E,0,214,
3343,15249,9E,1,24,
3344,15249,DL,0,110,
3345,15249,DL,1,13,
3346,15249,MQ,0,225,
3347,15249,MQ,1,66,
3348,15249,OH,0,195,
3349,15249,OH,1,67,
3350,15249,OO,0,6,
3351,15249,YV,0,30,
3352,15249,YV,1,11,
3353,15295,G4,0,39,
3354,15295,G4,1,14,
3355,15295,MQ,0,102,
3356,15295,MQ,1,41,
3357,15295,OH,0,2,
3358,15304,9E,0,108,
3359,15304,9E,1,9,
3360,15304,AA,0,1536,
3361,15304,AA,1,259,
3362,15304,AS,0,70,
3363,15304,AS,1,32,
3364,15304,B6,0,484,
3365,15304,B6,1,181,
3366,15304,DL,0,1540,
3367,15304,DL,1,187,
3368,15304,F9,0,620,
3369,15304,F9,1,146,
3370,15304,NK,0,1123,
3371,15304,NK,1,226,
3372,15304,UA,0,938,
3373,15304,UA,1,153,
3374,15304,WN,0,3087,
3375,15304,WN,1,554,
3376,15323,9E,0,60,
3377,15323,9E,1,7,
3378,15323,DL,0,36,
3379,15323,DL,1,2,
3380,15323,G4,0,15,
3381,15323,MQ,0,196,
3382,15323,MQ,1,37,
3383,15323,OO,0,138,
3384,15323,OO,1,36,
3385,15356,F9,0,372,
3386,15356,F9,1,86,
3387,15370,9E,0,34,
3388,15370,9E,1,6,
3389,15370,AA,0,277,
3390,15370,AA,1,57,
3391,15370,DL,0,165,
3392,15370,DL,1,17,
3393,15370,EV,0,157,
3394,15370,EV,1,19,
3395,15370,G4,0,23,
3396,15370,G4,1,17,
3397,15370,MQ,0,186,
3398,15370,MQ,1,32,
3399,15370,OH,0,41,
3400,15370,OH,1,9,
3401,15370,OO,0,211,
3402,15370,OO,1,32,
3403,15370,UA,0,71,
3404,15370,UA,1,3,
3405,15370,WN,0,553,
3406,15370,WN,1,62,
3407,15370,YV,0,91,
3408,15370,YV,1,19,
3409,15370,YX,0,42,
3410,15370,YX,1,6,
3411,15376,AA,0,456,
3412,15376,AA,1,91,
3413,15376,AS,0,49,
3414,15376,AS,1,39,
3415,15376,DL,0,187,
3416,15376,DL,1,42,
3417,15376,EV,1,4,
3418,15376,F9,0,21,
3419,15376,F9,1,1,
3420,15376,G4,0,31,
3421,15376,G4,1,14,
3422,15376,OO,0,758,
3423,15376,OO,1,129,
3424,15376,UA,0,108,
3425,15376,UA,1,6,
3426,15376,WN,0,515,
3427,15376,WN,1,39,
3428,15376,YV,0,243,
3429,15376,YV,1,43,
3430,15376,YX,0,11,
3431,15380,9E,0,14,
3432,15380,9E,1,8,
3433,15380,DL,0,29,
3434,15380,DL,1,13,
3435,15380,EV,0,29,
3436,15380,EV,1,11,
3437,15380,G4,0,31,
3438,15380,G4,1,25,
3439,15380,MQ,0,66,
3440,15380,MQ,1,12,
3441,15380,OO,0,166,
3442,15380,OO,1,35,
3443,15380,YX,0,2,
3444,15389,OO,0,193,
3445,15389,OO,1,21,
3446,15401,MQ,0,116,
3447,15401,MQ,1,26,
3448,15411,F9,0,13,
3449,15411,F9,1,2,
3450,15411,MQ,0,166,
3451,15411,MQ,1,61,
3452,15412,9E,0,624,
3453,15412,9E,1,89,
3454,15412,DL,0,56,
3455,15412,EV,0,181,
3456,15412,EV,1,46,
3457,15412,F9,0,28,
3458,15412,F9,1,4,
3459,15412,G4,0,174,
3460,15412,G4,1,43,
3461,15412,MQ,0,40,
3462,15412,MQ,1,22,
3463,15412,OH,0,385,
3464,15412,OH,1,120,
3465,15412,OO,0,56,
3466,15412,OO,1,25,
3467,15412,YV,0,118,
3468,15412,YV,1,37,
3469,15412,YX,0,164,
3470,15412,YX,1,26,
3471,15454,OO,0,20,
3472,15582,OO,0,62,
3473,15582,OO,1,17,
3474,15607,OO,0,114,
3475,15607,OO,1,33,
3476,15624,9E,0,95,
3477,15624,9E,1,13,
3478,15624,AA,0,41,
3479,15624,AA,1,18,
3480,15624,DL,0,176,
3481,15624,DL,1,19,
3482,15624,EV,0,82,
3483,15624,EV,1,7,
3484,15624,G4,0,62,
3485,15624,G4,1,4,
3486,15624,OH,0,216,
3487,15624,OH,1,59,
3488,15624,YV,0,66,
3489,15624,YV,1,15,
3490,15624,YX,0,10,
3491,15624,YX,1,4,
3492,15841,AS,0,74,
3493,15841,AS,1,22,
3494,15919,9E,0,279,
3495,15919,9E,1,37,
3496,15919,AA,0,67,
3497,15919,AA,1,18,
3498,15919,DL,0,50,
3499,15919,DL,1,4,
3500,15919,EV,0,37,
3501,15919,EV,1,8,
3502,15919,F9,0,18,
3503,15919,F9,1,4,
3504,15919,G4,0,39,
3505,15919,G4,1,12,
3506,15919,MQ,0,460,
3507,15919,MQ,1,98,
3508,15919,OH,0,77,
3509,15919,OH,1,20,
3510,15919,OO,0,104,
3511,15919,OO,1,28,
3512,15919,YV,0,79,
3513,15919,YV,1,18,
3514,15919,YX,0,337,
3515,15919,YX,1,64,
3516,15991,AS,0,68,
3517,15991,AS,1,13,
3518,16218,OO,0,144,
3519,16218,OO,1,22,
3520,16218,YV,0,117,
3521,16218,YV,1,30,
3522,16869,OO,0,80,
3523,16869,OO,1,31,
